transaction_id,transaction_date,transaction_type,account_name,payment_method,category,subcategory,merchant,description,amount,signed_amount,currency,status,month,year,is_recurring,budget_category
TXN00086,2025-01-02,Expense,Digital Wallet,Card,Food,Cafe,Toast Box,Cafe transaction at Toast Box,6.69,-6.69,SGD,Completed,2025-01,2025,No,Essentials
TXN00354,2025-01-02,Expense,Digital Wallet,Card,Transport,Taxi,ComfortDelGro,Taxi transaction at ComfortDelGro,19.67,-19.67,SGD,Completed,2025-01,2025,No,Essentials
TXN00342,2025-01-03,Expense,Digital Wallet,PayNow,Transport,MRT,SimplyGo,MRT transaction at SimplyGo,1.76,-1.76,SGD,Completed,2025-01,2025,No,Essentials
TXN00013,2025-01-04,Expense,Main Savings,GIRO,Bills,Phone Bill,Singtel,Phone Bill transaction at Singtel,73.72,-73.72,SGD,Completed,2025-01,2025,Yes,Essentials
TXN00080,2025-01-04,Expense,Everyday Spending,Cash,Food,Restaurant,McDonald's,Restaurant transaction at McDonald's,10.94,-10.94,SGD,Completed,2025-01,2025,No,Essentials
TXN00049,2025-01-05,Expense,Credit Card,Card,Entertainment,Subscriptions,Netflix,Subscriptions transaction at Netflix,17.98,-17.98,SGD,Completed,2025-01,2025,Yes,Lifestyle
TXN00088,2025-01-05,Expense,Digital Wallet,Card,Food,Cafe,Toast Box,Cafe transaction at Toast Box,9.62,-9.62,SGD,Completed,2025-01,2025,No,Essentials
TXN00346,2025-01-05,Expense,Everyday Spending,Card,Transport,Taxi,ComfortDelGro,Taxi transaction at ComfortDelGro,34.7,-34.7,SGD,Completed,2025-01,2025,No,Essentials
TXN00352,2025-01-05,Expense,Everyday Spending,Card,Transport,MRT,SimplyGo,MRT transaction at SimplyGo,2.16,-2.16,SGD,Completed,2025-01,2025,No,Essentials
TXN00663,2025-01-05,Income,Main Savings,Bank Transfer,Investment,Dividend,Brokerage Platform,Dividend transaction at Brokerage Platform,265.83,265.83,SGD,Completed,2025-01,2025,No,Income
TXN00353,2025-01-06,Expense,Digital Wallet,PayNow,Transport,Ride Hailing,Gojek,Ride Hailing transaction at Gojek,18.14,-18.14,SGD,Completed,2025-01,2025,No,Essentials
TXN00520,2025-01-06,Expense,Credit Card,Bank Transfer,Education,Books,Popular,Books transaction at Popular,48.21,-48.21,SGD,Completed,2025-01,2025,No,Growth
TXN00526,2025-01-07,Expense,Digital Wallet,Bank Transfer,Shopping,Electronics,Shopee,Electronics transaction at Shopee,285.53,-285.53,SGD,Completed,2025-01,2025,No,Lifestyle
TXN00527,2025-01-07,Expense,Credit Card,PayNow,Education,Courses,Udemy,Courses transaction at Udemy,106.29,-106.29,SGD,Completed,2025-01,2025,No,Growth
TXN00528,2025-01-07,Expense,Digital Wallet,Card,Shopping,Clothes,Uniqlo,Clothes transaction at Uniqlo,151.52,-151.52,SGD,Completed,2025-01,2025,No,Lifestyle
TXN00094,2025-01-08,Expense,Digital Wallet,PayNow,Food,Cafe,Don Don Donki,Cafe transaction at Don Don Donki,8.12,-8.12,SGD,Completed,2025-01,2025,No,Essentials
TXN00095,2025-01-08,Expense,Everyday Spending,Cash,Food,Hawker,Koufu,Hawker transaction at Koufu,4.84,-4.84,SGD,Completed,2025-01,2025,No,Essentials
TXN00339,2025-01-08,Expense,Credit Card,PayNow,Transport,Ride Hailing,Gojek,Ride Hailing transaction at Gojek,19.1,-19.1,SGD,Completed,2025-01,2025,No,Essentials
TXN00523,2025-01-08,Expense,Credit Card,Card,Education,Books,Popular,Books transaction at Popular,24.24,-24.24,SGD,Completed,2025-01,2025,No,Growth
TXN00529,2025-01-08,Expense,Digital Wallet,Bank Transfer,Education,Courses,Udemy,Courses transaction at Udemy,88.04,-88.04,SGD,Completed,2025-01,2025,No,Growth
TXN00525,2025-01-09,Expense,Digital Wallet,Card,Shopping,Clothes,Uniqlo,Clothes transaction at Uniqlo,75.92,-75.92,SGD,Completed,2025-01,2025,No,Lifestyle
TXN00345,2025-01-10,Expense,Credit Card,Card,Transport,MRT,SimplyGo,MRT transaction at SimplyGo,1.98,-1.98,SGD,Completed,2025-01,2025,No,Essentials
TXN00350,2025-01-10,Expense,Credit Card,Card,Transport,Ride Hailing,Grab,Ride Hailing transaction at Grab,33.2,-33.2,SGD,Completed,2025-01,2025,No,Essentials
TXN00521,2025-01-10,Expense,Everyday Spending,Cash,Health,Pharmacy,Guardian,Pharmacy transaction at Guardian,66.03,-66.03,SGD,Completed,2025-01,2025,No,Essentials
TXN00093,2025-01-11,Expense,Digital Wallet,Card,Food,Hawker,Koufu,Hawker transaction at Koufu,4.61,-4.61,SGD,Completed,2025-01,2025,No,Essentials
TXN00335,2025-01-11,Expense,Everyday Spending,Card,Transport,MRT,SimplyGo,MRT transaction at SimplyGo,1.99,-1.99,SGD,Completed,2025-01,2025,No,Essentials
TXN00340,2025-01-11,Expense,Digital Wallet,PayNow,Transport,Ride Hailing,Gojek,Ride Hailing transaction at Gojek,19.39,-19.39,SGD,Completed,2025-01,2025,No,Essentials
TXN00050,2025-01-12,Expense,Credit Card,Card,Entertainment,Subscriptions,Spotify,Subscriptions transaction at Spotify,10.98,-10.98,SGD,Completed,2025-01,2025,Yes,Lifestyle
TXN00347,2025-01-12,Expense,Credit Card,Card,Transport,Ride Hailing,Grab,Ride Hailing transaction at Grab,14.64,-14.64,SGD,Completed,2025-01,2025,No,Essentials
TXN00669,2025-01-12,Transfer,Main Savings,Bank Transfer,Transfer,Internal Transfer,Internal Account Transfer,Internal Transfer transaction at Internal Account Transfer,940.53,0,SGD,Completed,2025-01,2025,No,Transfer
TXN00014,2025-01-13,Expense,Main Savings,GIRO,Bills,Utilities,SP Services,Utilities transaction at SP Services,99.2,-99.2,SGD,Completed,2025-01,2025,Yes,Essentials
TXN00091,2025-01-13,Expense,Digital Wallet,Cash,Food,Restaurant,McDonald's,Restaurant transaction at McDonald's,17.95,-17.95,SGD,Completed,2025-01,2025,No,Essentials
TXN00344,2025-01-14,Expense,Digital Wallet,PayNow,Transport,MRT,SimplyGo,MRT transaction at SimplyGo,1.66,-1.66,SGD,Completed,2025-01,2025,No,Essentials
TXN00337,2025-01-15,Expense,Credit Card,Card,Transport,Taxi,ComfortDelGro,Taxi transaction at ComfortDelGro,30.17,-30.17,SGD,Completed,2025-01,2025,No,Essentials
TXN00015,2025-01-16,Expense,Main Savings,GIRO,Bills,Insurance,Income Insurance,Insurance transaction at Income Insurance,129.67,-129.67,SGD,Completed,2025-01,2025,Yes,Essentials
TXN00085,2025-01-16,Expense,Credit Card,Cash,Food,Restaurant,McDonald's,Restaurant transaction at McDonald's,8.19,-8.19,SGD,Completed,2025-01,2025,No,Essentials
TXN00082,2025-01-17,Expense,Digital Wallet,Cash,Food,Cafe,Toast Box,Cafe transaction at Toast Box,11.39,-11.39,SGD,Completed,2025-01,2025,No,Essentials
TXN00089,2025-01-17,Expense,Credit Card,Card,Food,Restaurant,McDonald's,Restaurant transaction at McDonald's,16.72,-16.72,SGD,Completed,2025-01,2025,No,Essentials
TXN00092,2025-01-17,Expense,Everyday Spending,Card,Food,Groceries,FairPrice,Groceries transaction at FairPrice,49.35,-49.35,SGD,Completed,2025-01,2025,No,Essentials
TXN00096,2025-01-17,Expense,Digital Wallet,Cash,Food,Hawker,Koufu,Hawker transaction at Koufu,5.69,-5.69,SGD,Completed,2025-01,2025,No,Essentials
TXN00343,2025-01-18,Expense,Digital Wallet,PayNow,Transport,Bus,SimplyGo,Bus transaction at SimplyGo,1.07,-1.07,SGD,Completed,2025-01,2025,No,Essentials
TXN00522,2025-01-18,Expense,Credit Card,Bank Transfer,Shopping,Clothes,Uniqlo,Clothes transaction at Uniqlo,80.71,-80.71,SGD,Completed,2025-01,2025,No,Lifestyle
TXN00336,2025-01-19,Expense,Credit Card,PayNow,Transport,Ride Hailing,Grab,Ride Hailing transaction at Grab,24.61,-24.61,SGD,Completed,2025-01,2025,No,Essentials
TXN00083,2025-01-20,Expense,Credit Card,Card,Food,Cafe,Don Don Donki,Cafe transaction at Don Don Donki,11.38,-11.38,SGD,Completed,2025-01,2025,No,Essentials
TXN00079,2025-01-22,Expense,Credit Card,PayNow,Food,Hawker,Koufu,Hawker transaction at Koufu,8.92,-8.92,SGD,Completed,2025-01,2025,No,Essentials
TXN00341,2025-01-22,Expense,Everyday Spending,Card,Transport,Ride Hailing,Grab,Ride Hailing transaction at Grab,33.23,-33.23,SGD,Completed,2025-01,2025,No,Essentials
TXN00695,2025-01-23,Expense,Main Savings,Bank Transfer,Food,Restaurant,McDonald's,Restaurant transaction at McDonald's,18.3,-18.3,SGD,Pending,2025-01,2025,No,Essentials
TXN00081,2025-01-24,Expense,Credit Card,PayNow,Food,Hawker,Koufu,Hawker transaction at Koufu,8.88,-8.88,SGD,Completed,2025-01,2025,No,Essentials
TXN00087,2025-01-24,Expense,Everyday Spending,PayNow,Food,Hawker,Koufu,Hawker transaction at Koufu,6.93,-6.93,SGD,Completed,2025-01,2025,No,Essentials
TXN00001,2025-01-25,Income,Main Savings,Bank Transfer,Salary,Monthly Salary,Company Payroll,Monthly Salary transaction at Company Payroll,3215.01,3215.01,SGD,Completed,2025-01,2025,Yes,Income
TXN00084,2025-01-25,Expense,Everyday Spending,PayNow,Food,Cafe,Don Don Donki,Cafe transaction at Don Don Donki,23.68,-23.68,SGD,Completed,2025-01,2025,No,Essentials
TXN00090,2025-01-25,Expense,Everyday Spending,PayNow,Food,Cafe,Don Don Donki,Cafe transaction at Don Don Donki,20.41,-20.41,SGD,Completed,2025-01,2025,No,Essentials
TXN00348,2025-01-25,Expense,Digital Wallet,Card,Transport,Ride Hailing,Gojek,Ride Hailing transaction at Gojek,28.01,-28.01,SGD,Completed,2025-01,2025,No,Essentials
TXN00349,2025-01-27,Expense,Everyday Spending,Card,Transport,Taxi,ComfortDelGro,Taxi transaction at ComfortDelGro,35.8,-35.8,SGD,Completed,2025-01,2025,No,Essentials
TXN00338,2025-01-28,Expense,Digital Wallet,Card,Transport,MRT,SimplyGo,MRT transaction at SimplyGo,2.05,-2.05,SGD,Completed,2025-01,2025,No,Essentials
TXN00351,2025-01-28,Expense,Digital Wallet,PayNow,Transport,Bus,SimplyGo,Bus transaction at SimplyGo,1.17,-1.17,SGD,Completed,2025-01,2025,No,Essentials
TXN00524,2025-01-28,Expense,Digital Wallet,Bank Transfer,Education,Courses,Udemy,Courses transaction at Udemy,53.96,-53.96,SGD,Completed,2025-01,2025,No,Growth
TXN00101,2025-02-02,Expense,Credit Card,Card,Food,Hawker,Koufu,Hawker transaction at Koufu,6.51,-6.51,SGD,Completed,2025-02,2025,No,Essentials
TXN00107,2025-02-02,Expense,Everyday Spending,Cash,Food,Groceries,FairPrice,Groceries transaction at FairPrice,30.7,-30.7,SGD,Completed,2025-02,2025,No,Essentials
TXN00111,2025-02-02,Expense,Everyday Spending,Card,Food,Cafe,Don Don Donki,Cafe transaction at Don Don Donki,20.72,-20.72,SGD,Completed,2025-02,2025,No,Essentials
TXN00541,2025-02-02,Expense,Everyday Spending,Card,Education,Software,Notion,Software transaction at Notion,18.07,-18.07,SGD,Completed,2025-02,2025,Yes,Growth
TXN00114,2025-02-03,Expense,Everyday Spending,Cash,Food,Cafe,Don Don Donki,Cafe transaction at Don Don Donki,19.48,-19.48,SGD,Completed,2025-02,2025,No,Essentials
TXN00116,2025-02-03,Expense,Digital Wallet,PayNow,Food,Cafe,Don Don Donki,Cafe transaction at Don Don Donki,15.13,-15.13,SGD,Completed,2025-02,2025,No,Essentials
TXN00099,2025-02-04,Expense,Credit Card,Cash,Food,Hawker,Koufu,Hawker transaction at Koufu,7.79,-7.79,SGD,Completed,2025-02,2025,No,Essentials
TXN00016,2025-02-05,Expense,Main Savings,GIRO,Bills,Phone Bill,Singtel,Phone Bill transaction at Singtel,63.11,-63.11,SGD,Completed,2025-02,2025,Yes,Essentials
TXN00051,2025-02-05,Expense,Credit Card,Card,Entertainment,Subscriptions,Netflix,Subscriptions transaction at Netflix,17.98,-17.98,SGD,Completed,2025-02,2025,Yes,Lifestyle
TXN00097,2025-02-05,Expense,Digital Wallet,PayNow,Food,Cafe,Don Don Donki,Cafe transaction at Don Don Donki,20.3,-20.3,SGD,Completed,2025-02,2025,No,Essentials
TXN00536,2025-02-05,Expense,Everyday Spending,Cash,Health,Clinic,Raffles Medical,Clinic transaction at Raffles Medical,61.58,-61.58,SGD,Completed,2025-02,2025,No,Essentials
TXN00103,2025-02-06,Expense,Everyday Spending,Card,Food,Groceries,FairPrice,Groceries transaction at FairPrice,38.11,-38.11,SGD,Completed,2025-02,2025,No,Essentials
TXN00106,2025-02-06,Expense,Credit Card,Card,Food,Cafe,Toast Box,Cafe transaction at Toast Box,7.84,-7.84,SGD,Completed,2025-02,2025,No,Essentials
TXN00539,2025-02-06,Expense,Credit Card,Bank Transfer,Education,Courses,Udemy,Courses transaction at Udemy,91.94,-91.94,SGD,Completed,2025-02,2025,No,Growth
TXN00102,2025-02-07,Expense,Credit Card,Card,Food,Cafe,Toast Box,Cafe transaction at Toast Box,6.33,-6.33,SGD,Completed,2025-02,2025,No,Essentials
TXN00110,2025-02-07,Expense,Digital Wallet,PayNow,Food,Restaurant,McDonald's,Restaurant transaction at McDonald's,17.69,-17.69,SGD,Completed,2025-02,2025,No,Essentials
TXN00017,2025-02-08,Expense,Main Savings,GIRO,Bills,Utilities,SP Services,Utilities transaction at SP Services,155.68,-155.68,SGD,Completed,2025-02,2025,Yes,Essentials
TXN00098,2025-02-08,Expense,Credit Card,Card,Food,Groceries,FairPrice,Groceries transaction at FairPrice,71.0,-71.0,SGD,Completed,2025-02,2025,No,Essentials
TXN00359,2025-02-08,Expense,Digital Wallet,PayNow,Transport,Ride Hailing,Gojek,Ride Hailing transaction at Gojek,21.01,-21.01,SGD,Completed,2025-02,2025,No,Essentials
TXN00363,2025-02-08,Expense,Credit Card,Card,Transport,MRT,SimplyGo,MRT transaction at SimplyGo,1.77,-1.77,SGD,Completed,2025-02,2025,No,Essentials
TXN00366,2025-02-08,Expense,Credit Card,Card,Transport,Bus,SimplyGo,Bus transaction at SimplyGo,1.12,-1.12,SGD,Completed,2025-02,2025,No,Essentials
TXN00355,2025-02-09,Expense,Credit Card,PayNow,Transport,MRT,SimplyGo,MRT transaction at SimplyGo,1.78,-1.78,SGD,Completed,2025-02,2025,No,Essentials
TXN00535,2025-02-09,Expense,Digital Wallet,Cash,Shopping,Clothes,Uniqlo,Clothes transaction at Uniqlo,99.7,-99.7,SGD,Completed,2025-02,2025,No,Lifestyle
TXN00357,2025-02-10,Expense,Everyday Spending,PayNow,Transport,Bus,SimplyGo,Bus transaction at SimplyGo,2.13,-2.13,SGD,Completed,2025-02,2025,No,Essentials
TXN00117,2025-02-11,Expense,Everyday Spending,PayNow,Food,Cafe,Don Don Donki,Cafe transaction at Don Don Donki,23.89,-23.89,SGD,Completed,2025-02,2025,No,Essentials
TXN00052,2025-02-12,Expense,Credit Card,Card,Entertainment,Subscriptions,Spotify,Subscriptions transaction at Spotify,10.98,-10.98,SGD,Completed,2025-02,2025,Yes,Lifestyle
TXN00671,2025-02-12,Transfer,Main Savings,Bank Transfer,Transfer,Internal Transfer,Internal Account Transfer,Internal Transfer transaction at Internal Account Transfer,591.72,0,SGD,Completed,2025-02,2025,No,Transfer
TXN00360,2025-02-13,Expense,Everyday Spending,PayNow,Transport,MRT,SimplyGo,MRT transaction at SimplyGo,2.32,-2.32,SGD,Completed,2025-02,2025,No,Essentials
TXN00711,2025-02-13,Expense,Everyday Spending,PayNow,Food,Groceries,FairPrice,Groceries transaction at FairPrice,57.75,0,SGD,Refunded,2025-02,2025,No,Essentials
TXN00534,2025-02-14,Expense,Everyday Spending,Bank Transfer,Health,Gym,Anytime Fitness,Gym transaction at Anytime Fitness,81.37,-81.37,SGD,Completed,2025-02,2025,Yes,Essentials
TXN00664,2025-02-14,Income,Main Savings,Bank Transfer,Investment,Interest,Bank Interest,Interest transaction at Bank Interest,116.93,116.93,SGD,Completed,2025-02,2025,No,Income
TXN00100,2025-02-15,Expense,Everyday Spending,PayNow,Food,Groceries,FairPrice,Groceries transaction at FairPrice,76.15,-76.15,SGD,Completed,2025-02,2025,No,Essentials
TXN00361,2025-02-15,Expense,Credit Card,PayNow,Transport,MRT,SimplyGo,MRT transaction at SimplyGo,2.4,-2.4,SGD,Completed,2025-02,2025,No,Essentials
TXN00649,2025-02-15,Income,Main Savings,PayNow,Side Income,Tutoring,Private Student,Tutoring transaction at Private Student,80.25,80.25,SGD,Completed,2025-02,2025,No,Income
TXN00112,2025-02-16,Expense,Digital Wallet,Card,Food,Cafe,Don Don Donki,Cafe transaction at Don Don Donki,16.55,-16.55,SGD,Completed,2025-02,2025,No,Essentials
TXN00358,2025-02-16,Expense,Everyday Spending,Card,Transport,MRT,SimplyGo,MRT transaction at SimplyGo,2.17,-2.17,SGD,Completed,2025-02,2025,No,Essentials
TXN00113,2025-02-17,Expense,Everyday Spending,Card,Food,Hawker,Koufu,Hawker transaction at Koufu,4.9,-4.9,SGD,Completed,2025-02,2025,No,Essentials
TXN00365,2025-02-17,Expense,Digital Wallet,Card,Transport,MRT,SimplyGo,MRT transaction at SimplyGo,2.02,-2.02,SGD,Completed,2025-02,2025,No,Essentials
TXN00532,2025-02-17,Expense,Credit Card,Card,Health,Gym,Anytime Fitness,Gym transaction at Anytime Fitness,106.48,-106.48,SGD,Completed,2025-02,2025,Yes,Essentials
TXN00018,2025-02-18,Expense,Main Savings,GIRO,Bills,Insurance,Income Insurance,Insurance transaction at Income Insurance,132.48,-132.48,SGD,Completed,2025-02,2025,Yes,Essentials
TXN00530,2025-02-18,Expense,Credit Card,Cash,Health,Pharmacy,Guardian,Pharmacy transaction at Guardian,32.26,-32.26,SGD,Completed,2025-02,2025,No,Essentials
TXN00531,2025-02-18,Expense,Credit Card,PayNow,Education,Courses,Udemy,Courses transaction at Udemy,83.12,-83.12,SGD,Completed,2025-02,2025,No,Growth
TXN00115,2025-02-19,Expense,Digital Wallet,Card,Food,Hawker,Koufu,Hawker transaction at Koufu,5.73,-5.73,SGD,Completed,2025-02,2025,No,Essentials
TXN00367,2025-02-20,Expense,Digital Wallet,Card,Transport,Bus,SimplyGo,Bus transaction at SimplyGo,1.18,-1.18,SGD,Completed,2025-02,2025,No,Essentials
TXN00105,2025-02-21,Expense,Everyday Spending,Card,Food,Hawker,Koufu,Hawker transaction at Koufu,9.5,-9.5,SGD,Completed,2025-02,2025,No,Essentials
TXN00109,2025-02-22,Expense,Everyday Spending,Card,Food,Cafe,Don Don Donki,Cafe transaction at Don Don Donki,20.21,-20.21,SGD,Completed,2025-02,2025,No,Essentials
TXN00356,2025-02-22,Expense,Everyday Spending,PayNow,Transport,Taxi,ComfortDelGro,Taxi transaction at ComfortDelGro,24.25,-24.25,SGD,Completed,2025-02,2025,No,Essentials
TXN00362,2025-02-23,Expense,Everyday Spending,PayNow,Transport,Taxi,ComfortDelGro,Taxi transaction at ComfortDelGro,42.59,-42.59,SGD,Completed,2025-02,2025,No,Essentials
TXN00650,2025-02-23,Income,Main Savings,PayNow,Side Income,Freelance,Freelance Client,Freelance transaction at Freelance Client,832.06,832.06,SGD,Completed,2025-02,2025,No,Income
TXN00364,2025-02-24,Expense,Credit Card,Card,Transport,Ride Hailing,Gojek,Ride Hailing transaction at Gojek,17.47,-17.47,SGD,Completed,2025-02,2025,No,Essentials
TXN00540,2025-02-24,Expense,Everyday Spending,Card,Shopping,Household,Lazada,Household transaction at Lazada,105.18,-105.18,SGD,Completed,2025-02,2025,No,Lifestyle
TXN00368,2025-02-25,Expense,Credit Card,PayNow,Transport,Bus,SimplyGo,Bus transaction at SimplyGo,1.75,-1.75,SGD,Completed,2025-02,2025,No,Essentials
TXN00533,2025-02-25,Expense,Everyday Spending,PayNow,Education,Courses,Udemy,Courses transaction at Udemy,103.17,-103.17,SGD,Completed,2025-02,2025,No,Growth
TXN00538,2025-02-25,Expense,Digital Wallet,Cash,Health,Clinic,Raffles Medical,Clinic transaction at Raffles Medical,130.38,-130.38,SGD,Completed,2025-02,2025,No,Essentials
TXN00104,2025-02-26,Expense,Digital Wallet,Card,Food,Groceries,FairPrice,Groceries transaction at FairPrice,75.99,-75.99,SGD,Completed,2025-02,2025,No,Essentials
TXN00108,2025-02-26,Expense,Credit Card,Cash,Food,Restaurant,McDonald's,Restaurant transaction at McDonald's,15.85,-15.85,SGD,Completed,2025-02,2025,No,Essentials
TXN00002,2025-02-27,Income,Main Savings,Bank Transfer,Salary,Monthly Salary,Company Payroll,Monthly Salary transaction at Company Payroll,3346.94,3346.94,SGD,Completed,2025-02,2025,Yes,Income
TXN00537,2025-02-27,Expense,Digital Wallet,PayNow,Entertainment,Movies,Golden Village,Movies transaction at Golden Village,17.65,-17.65,SGD,Completed,2025-02,2025,No,Lifestyle
TXN00670,2025-02-28,Transfer,Everyday Spending,Bank Transfer,Transfer,Internal Transfer,Internal Account Transfer,Internal Transfer transaction at Internal Account Transfer,855.08,0,SGD,Completed,2025-02,2025,No,Transfer
TXN00383,2025-03-01,Expense,Everyday Spending,Card,Transport,Ride Hailing,Gojek,Ride Hailing transaction at Gojek,17.98,-17.98,SGD,Completed,2025-03,2025,No,Essentials
TXN00543,2025-03-01,Expense,Credit Card,PayNow,Shopping,Household,Lazada,Household transaction at Lazada,51.09,-51.09,SGD,Completed,2025-03,2025,No,Lifestyle
TXN00545,2025-03-01,Expense,Digital Wallet,Cash,Education,Courses,Udemy,Courses transaction at Udemy,15.69,-15.69,SGD,Completed,2025-03,2025,No,Growth
TXN00546,2025-03-01,Expense,Credit Card,PayNow,Shopping,Clothes,Uniqlo,Clothes transaction at Uniqlo,96.47,-96.47,SGD,Completed,2025-03,2025,No,Lifestyle
TXN00673,2025-03-01,Transfer,Main Savings,Bank Transfer,Transfer,Internal Transfer,Internal Account Transfer,Internal Transfer transaction at Internal Account Transfer,335.97,0,SGD,Completed,2025-03,2025,No,Transfer
TXN00133,2025-03-02,Expense,Digital Wallet,PayNow,Food,Cafe,Don Don Donki,Cafe transaction at Don Don Donki,22.19,-22.19,SGD,Completed,2025-03,2025,No,Essentials
TXN00376,2025-03-02,Expense,Credit Card,PayNow,Transport,Taxi,ComfortDelGro,Taxi transaction at ComfortDelGro,22.43,-22.43,SGD,Completed,2025-03,2025,No,Essentials
TXN00132,2025-03-03,Expense,Digital Wallet,Card,Food,Hawker,Koufu,Hawker transaction at Koufu,9.23,-9.23,SGD,Completed,2025-03,2025,No,Essentials
TXN00372,2025-03-03,Expense,Everyday Spending,PayNow,Transport,Ride Hailing,Grab,Ride Hailing transaction at Grab,26.83,-26.83,SGD,Completed,2025-03,2025,No,Essentials
TXN00053,2025-03-05,Expense,Credit Card,Card,Entertainment,Subscriptions,Netflix,Subscriptions transaction at Netflix,17.98,-17.98,SGD,Completed,2025-03,2025,Yes,Lifestyle
TXN00125,2025-03-05,Expense,Everyday Spending,PayNow,Food,Hawker,Koufu,Hawker transaction at Koufu,5.82,-5.82,SGD,Completed,2025-03,2025,No,Essentials
TXN00126,2025-03-05,Expense,Digital Wallet,Card,Food,Cafe,Don Don Donki,Cafe transaction at Don Don Donki,12.63,-12.63,SGD,Completed,2025-03,2025,No,Essentials
TXN00542,2025-03-05,Expense,Everyday Spending,Card,Education,Books,Popular,Books transaction at Popular,52.44,-52.44,SGD,Completed,2025-03,2025,No,Growth
TXN00019,2025-03-06,Expense,Main Savings,GIRO,Bills,Phone Bill,Singtel,Phone Bill transaction at Singtel,47.36,-47.36,SGD,Completed,2025-03,2025,Yes,Essentials
TXN00138,2025-03-06,Expense,Credit Card,Cash,Food,Hawker,Koufu,Hawker transaction at Koufu,8.18,-8.18,SGD,Completed,2025-03,2025,No,Essentials
TXN00377,2025-03-06,Expense,Credit Card,PayNow,Transport,Taxi,ComfortDelGro,Taxi transaction at ComfortDelGro,25.92,-25.92,SGD,Completed,2025-03,2025,No,Essentials
TXN00387,2025-03-06,Expense,Digital Wallet,Card,Transport,Bus,SimplyGo,Bus transaction at SimplyGo,2.0,-2.0,SGD,Completed,2025-03,2025,No,Essentials
TXN00121,2025-03-07,Expense,Everyday Spending,Cash,Food,Cafe,Don Don Donki,Cafe transaction at Don Don Donki,16.6,-16.6,SGD,Completed,2025-03,2025,No,Essentials
TXN00127,2025-03-07,Expense,Credit Card,PayNow,Food,Restaurant,McDonald's,Restaurant transaction at McDonald's,14.87,-14.87,SGD,Completed,2025-03,2025,No,Essentials
TXN00122,2025-03-08,Expense,Everyday Spending,Cash,Food,Hawker,Koufu,Hawker transaction at Koufu,6.35,-6.35,SGD,Completed,2025-03,2025,No,Essentials
TXN00137,2025-03-08,Expense,Everyday Spending,Cash,Food,Cafe,Toast Box,Cafe transaction at Toast Box,11.05,-11.05,SGD,Completed,2025-03,2025,No,Essentials
TXN00388,2025-03-08,Expense,Digital Wallet,PayNow,Transport,Ride Hailing,Grab,Ride Hailing transaction at Grab,34.3,-34.3,SGD,Completed,2025-03,2025,No,Essentials
TXN00118,2025-03-09,Expense,Digital Wallet,PayNow,Food,Cafe,Toast Box,Cafe transaction at Toast Box,7.77,-7.77,SGD,Completed,2025-03,2025,No,Essentials
TXN00128,2025-03-09,Expense,Everyday Spending,Card,Food,Groceries,FairPrice,Groceries transaction at FairPrice,78.85,-78.85,SGD,Completed,2025-03,2025,No,Essentials
TXN00139,2025-03-09,Expense,Digital Wallet,Card,Food,Cafe,Toast Box,Cafe transaction at Toast Box,6.11,-6.11,SGD,Completed,2025-03,2025,No,Essentials
TXN00381,2025-03-10,Expense,Digital Wallet,PayNow,Transport,MRT,SimplyGo,MRT transaction at SimplyGo,1.93,-1.93,SGD,Completed,2025-03,2025,No,Essentials
TXN00385,2025-03-10,Expense,Everyday Spending,Card,Transport,MRT,SimplyGo,MRT transaction at SimplyGo,2.3,-2.3,SGD,Completed,2025-03,2025,No,Essentials
TXN00374,2025-03-11,Expense,Digital Wallet,Card,Transport,Taxi,ComfortDelGro,Taxi transaction at ComfortDelGro,33.15,-33.15,SGD,Completed,2025-03,2025,No,Essentials
TXN00379,2025-03-11,Expense,Digital Wallet,PayNow,Transport,MRT,SimplyGo,MRT transaction at SimplyGo,1.32,-1.32,SGD,Completed,2025-03,2025,No,Essentials
TXN00380,2025-03-11,Expense,Digital Wallet,Card,Transport,Taxi,ComfortDelGro,Taxi transaction at ComfortDelGro,17.45,-17.45,SGD,Completed,2025-03,2025,No,Essentials
TXN00020,2025-03-12,Expense,Main Savings,GIRO,Bills,Utilities,SP Services,Utilities transaction at SP Services,164.65,-164.65,SGD,Completed,2025-03,2025,Yes,Essentials
TXN00054,2025-03-12,Expense,Credit Card,Card,Entertainment,Subscriptions,Spotify,Subscriptions transaction at Spotify,10.98,-10.98,SGD,Completed,2025-03,2025,Yes,Lifestyle
TXN00135,2025-03-12,Expense,Everyday Spending,PayNow,Food,Hawker,Koufu,Hawker transaction at Koufu,5.55,-5.55,SGD,Completed,2025-03,2025,No,Essentials
TXN00136,2025-03-12,Expense,Credit Card,PayNow,Food,Hawker,Koufu,Hawker transaction at Koufu,8.4,-8.4,SGD,Completed,2025-03,2025,No,Essentials
TXN00371,2025-03-12,Expense,Credit Card,PayNow,Transport,Ride Hailing,Grab,Ride Hailing transaction at Grab,23.67,-23.67,SGD,Completed,2025-03,2025,No,Essentials
TXN00134,2025-03-14,Expense,Credit Card,Cash,Food,Cafe,Toast Box,Cafe transaction at Toast Box,5.89,-5.89,SGD,Completed,2025-03,2025,No,Essentials
TXN00709,2025-03-14,Expense,Main Savings,Card,Shopping,Clothes,Uniqlo,Clothes transaction at Uniqlo,121.07,0,SGD,Refunded,2025-03,2025,No,Lifestyle
TXN00021,2025-03-15,Expense,Main Savings,GIRO,Bills,Insurance,Income Insurance,Insurance transaction at Income Insurance,177.74,-177.74,SGD,Completed,2025-03,2025,Yes,Essentials
TXN00119,2025-03-15,Expense,Everyday Spending,Card,Food,Restaurant,McDonald's,Restaurant transaction at McDonald's,11.16,-11.16,SGD,Completed,2025-03,2025,No,Essentials
TXN00370,2025-03-15,Expense,Credit Card,PayNow,Transport,Bus,SimplyGo,Bus transaction at SimplyGo,1.08,-1.08,SGD,Completed,2025-03,2025,No,Essentials
TXN00375,2025-03-15,Expense,Credit Card,Card,Transport,MRT,SimplyGo,MRT transaction at SimplyGo,1.33,-1.33,SGD,Completed,2025-03,2025,No,Essentials
TXN00384,2025-03-16,Expense,Everyday Spending,Card,Transport,Ride Hailing,Grab,Ride Hailing transaction at Grab,16.42,-16.42,SGD,Completed,2025-03,2025,No,Essentials
TXN00547,2025-03-17,Expense,Digital Wallet,Cash,Shopping,Clothes,Uniqlo,Clothes transaction at Uniqlo,134.78,-134.78,SGD,Completed,2025-03,2025,No,Lifestyle
TXN00131,2025-03-18,Expense,Digital Wallet,Card,Food,Groceries,FairPrice,Groceries transaction at FairPrice,65.87,-65.87,SGD,Completed,2025-03,2025,No,Essentials
TXN00705,2025-03-19,Expense,Digital Wallet,Card,Shopping,Clothes,Uniqlo,Clothes transaction at Uniqlo,25.86,0,SGD,Refunded,2025-03,2025,No,Lifestyle
TXN00120,2025-03-20,Expense,Everyday Spending,Card,Food,Groceries,FairPrice,Groceries transaction at FairPrice,84.9,-84.9,SGD,Completed,2025-03,2025,No,Essentials
TXN00369,2025-03-20,Expense,Digital Wallet,PayNow,Transport,Taxi,ComfortDelGro,Taxi transaction at ComfortDelGro,24.7,-24.7,SGD,Completed,2025-03,2025,No,Essentials
TXN00386,2025-03-20,Expense,Credit Card,Card,Transport,Ride Hailing,Grab,Ride Hailing transaction at Grab,15.01,-15.01,SGD,Completed,2025-03,2025,No,Essentials
TXN00544,2025-03-20,Expense,Digital Wallet,Cash,Shopping,Clothes,Uniqlo,Clothes transaction at Uniqlo,111.09,-111.09,SGD,Completed,2025-03,2025,No,Lifestyle
TXN00130,2025-03-21,Expense,Everyday Spending,PayNow,Food,Cafe,Toast Box,Cafe transaction at Toast Box,11.86,-11.86,SGD,Completed,2025-03,2025,No,Essentials
TXN00124,2025-03-22,Expense,Credit Card,PayNow,Food,Hawker,Koufu,Hawker transaction at Koufu,8.59,-8.59,SGD,Completed,2025-03,2025,No,Essentials
TXN00378,2025-03-22,Expense,Digital Wallet,PayNow,Transport,Ride Hailing,Gojek,Ride Hailing transaction at Gojek,23.15,-23.15,SGD,Completed,2025-03,2025,No,Essentials
TXN00382,2025-03-22,Expense,Digital Wallet,Card,Transport,Bus,SimplyGo,Bus transaction at SimplyGo,1.84,-1.84,SGD,Completed,2025-03,2025,No,Essentials
TXN00123,2025-03-23,Expense,Digital Wallet,PayNow,Food,Cafe,Don Don Donki,Cafe transaction at Don Don Donki,13.14,-13.14,SGD,Completed,2025-03,2025,No,Essentials
TXN00672,2025-03-25,Transfer,Main Savings,Bank Transfer,Transfer,Internal Transfer,Internal Account Transfer,Internal Transfer transaction at Internal Account Transfer,165.69,0,SGD,Completed,2025-03,2025,No,Transfer
TXN00003,2025-03-26,Income,Main Savings,Bank Transfer,Salary,Monthly Salary,Company Payroll,Monthly Salary transaction at Company Payroll,3641.88,3641.88,SGD,Completed,2025-03,2025,Yes,Income
TXN00373,2025-03-26,Expense,Everyday Spending,PayNow,Transport,Ride Hailing,Gojek,Ride Hailing transaction at Gojek,26.26,-26.26,SGD,Completed,2025-03,2025,No,Essentials
TXN00129,2025-03-27,Expense,Everyday Spending,Cash,Food,Groceries,FairPrice,Groceries transaction at FairPrice,37.98,-37.98,SGD,Completed,2025-03,2025,No,Essentials
TXN00693,2025-03-27,Expense,Credit Card,Card,Transport,Ride Hailing,Grab,Ride Hailing transaction at Grab,20.46,-20.46,SGD,Pending,2025-03,2025,No,Essentials
TXN00140,2025-03-28,Expense,Credit Card,Card,Food,Groceries,FairPrice,Groceries transaction at FairPrice,22.52,-22.52,SGD,Completed,2025-03,2025,No,Essentials
TXN00149,2025-04-02,Expense,Everyday Spending,PayNow,Food,Restaurant,McDonald's,Restaurant transaction at McDonald's,15.09,-15.09,SGD,Completed,2025-04,2025,No,Essentials
TXN00403,2025-04-02,Expense,Credit Card,PayNow,Transport,Ride Hailing,Gojek,Ride Hailing transaction at Gojek,23.98,-23.98,SGD,Completed,2025-04,2025,No,Essentials
TXN00161,2025-04-03,Expense,Everyday Spending,PayNow,Food,Restaurant,McDonald's,Restaurant transaction at McDonald's,16.18,-16.18,SGD,Completed,2025-04,2025,No,Essentials
TXN00397,2025-04-03,Expense,Everyday Spending,Card,Transport,MRT,SimplyGo,MRT transaction at SimplyGo,1.22,-1.22,SGD,Completed,2025-04,2025,No,Essentials
TXN00550,2025-04-03,Expense,Credit Card,Cash,Education,Books,Popular,Books transaction at Popular,29.91,-29.91,SGD,Completed,2025-04,2025,No,Growth
TXN00651,2025-04-03,Income,Main Savings,PayNow,Side Income,Tutoring,Private Student,Tutoring transaction at Private Student,322.2,322.2,SGD,Completed,2025-04,2025,No,Income
TXN00145,2025-04-04,Expense,Credit Card,Card,Food,Hawker,Koufu,Hawker transaction at Koufu,8.89,-8.89,SGD,Completed,2025-04,2025,No,Essentials
TXN00148,2025-04-04,Expense,Digital Wallet,Card,Food,Cafe,Don Don Donki,Cafe transaction at Don Don Donki,14.55,-14.55,SGD,Completed,2025-04,2025,No,Essentials
TXN00400,2025-04-04,Expense,Credit Card,Card,Transport,Taxi,ComfortDelGro,Taxi transaction at ComfortDelGro,40.1,-40.1,SGD,Completed,2025-04,2025,No,Essentials
TXN00548,2025-04-04,Expense,Everyday Spending,Bank Transfer,Shopping,Electronics,Shopee,Electronics transaction at Shopee,193.05,-193.05,SGD,Completed,2025-04,2025,No,Lifestyle
TXN00055,2025-04-05,Expense,Credit Card,Card,Entertainment,Subscriptions,Netflix,Subscriptions transaction at Netflix,17.98,-17.98,SGD,Completed,2025-04,2025,Yes,Lifestyle
TXN00396,2025-04-05,Expense,Credit Card,Card,Transport,Ride Hailing,Grab,Ride Hailing transaction at Grab,12.88,-12.88,SGD,Completed,2025-04,2025,No,Essentials
TXN00022,2025-04-08,Expense,Main Savings,GIRO,Bills,Phone Bill,Singtel,Phone Bill transaction at Singtel,47.09,-47.09,SGD,Completed,2025-04,2025,Yes,Essentials
TXN00551,2025-04-08,Expense,Everyday Spending,PayNow,Entertainment,Movies,Golden Village,Movies transaction at Golden Village,34.78,-34.78,SGD,Completed,2025-04,2025,No,Lifestyle
TXN00146,2025-04-09,Expense,Digital Wallet,Cash,Food,Cafe,Don Don Donki,Cafe transaction at Don Don Donki,8.65,-8.65,SGD,Completed,2025-04,2025,No,Essentials
TXN00393,2025-04-09,Expense,Digital Wallet,Card,Transport,Bus,SimplyGo,Bus transaction at SimplyGo,1.54,-1.54,SGD,Completed,2025-04,2025,No,Essentials
TXN00157,2025-04-10,Expense,Credit Card,PayNow,Food,Hawker,Koufu,Hawker transaction at Koufu,5.93,-5.93,SGD,Completed,2025-04,2025,No,Essentials
TXN00160,2025-04-10,Expense,Digital Wallet,PayNow,Food,Hawker,Koufu,Hawker transaction at Koufu,7.08,-7.08,SGD,Completed,2025-04,2025,No,Essentials
TXN00389,2025-04-10,Expense,Credit Card,Card,Transport,Bus,SimplyGo,Bus transaction at SimplyGo,2.16,-2.16,SGD,Completed,2025-04,2025,No,Essentials
TXN00399,2025-04-10,Expense,Everyday Spending,PayNow,Transport,Bus,SimplyGo,Bus transaction at SimplyGo,1.15,-1.15,SGD,Completed,2025-04,2025,No,Essentials
TXN00023,2025-04-11,Expense,Main Savings,GIRO,Bills,Utilities,SP Services,Utilities transaction at SP Services,159.58,-159.58,SGD,Completed,2025-04,2025,Yes,Essentials
TXN00024,2025-04-11,Expense,Main Savings,GIRO,Bills,Insurance,Income Insurance,Insurance transaction at Income Insurance,205.53,-205.53,SGD,Completed,2025-04,2025,Yes,Essentials
TXN00152,2025-04-11,Expense,Everyday Spending,PayNow,Food,Cafe,Don Don Donki,Cafe transaction at Don Don Donki,19.28,-19.28,SGD,Completed,2025-04,2025,No,Essentials
TXN00056,2025-04-12,Expense,Credit Card,Card,Entertainment,Subscriptions,Spotify,Subscriptions transaction at Spotify,10.98,-10.98,SGD,Completed,2025-04,2025,Yes,Lifestyle
TXN00141,2025-04-12,Expense,Everyday Spending,Card,Food,Groceries,FairPrice,Groceries transaction at FairPrice,39.84,-39.84,SGD,Completed,2025-04,2025,No,Essentials
TXN00151,2025-04-12,Expense,Digital Wallet,Cash,Food,Cafe,Toast Box,Cafe transaction at Toast Box,8.02,-8.02,SGD,Completed,2025-04,2025,No,Essentials
TXN00395,2025-04-12,Expense,Credit Card,Card,Transport,Ride Hailing,Gojek,Ride Hailing transaction at Gojek,14.94,-14.94,SGD,Completed,2025-04,2025,No,Essentials
TXN00404,2025-04-12,Expense,Credit Card,Card,Transport,MRT,SimplyGo,MRT transaction at SimplyGo,2.23,-2.23,SGD,Completed,2025-04,2025,No,Essentials
TXN00652,2025-04-12,Income,Main Savings,Bank Transfer,Side Income,Freelance,Freelance Client,Freelance transaction at Freelance Client,648.38,648.38,SGD,Completed,2025-04,2025,No,Income
TXN00553,2025-04-13,Expense,Digital Wallet,Cash,Shopping,Electronics,Shopee,Electronics transaction at Shopee,145.16,-145.16,SGD,Completed,2025-04,2025,No,Lifestyle
TXN00653,2025-04-13,Income,Main Savings,Bank Transfer,Side Income,Freelance,Freelance Client,Freelance transaction at Freelance Client,619.2,619.2,SGD,Completed,2025-04,2025,No,Income
TXN00391,2025-04-14,Expense,Everyday Spending,Card,Transport,Ride Hailing,Gojek,Ride Hailing transaction at Gojek,31.26,-31.26,SGD,Completed,2025-04,2025,No,Essentials
TXN00153,2025-04-17,Expense,Credit Card,Cash,Food,Restaurant,McDonald's,Restaurant transaction at McDonald's,11.09,-11.09,SGD,Completed,2025-04,2025,No,Essentials
TXN00159,2025-04-17,Expense,Digital Wallet,Card,Food,Cafe,Toast Box,Cafe transaction at Toast Box,8.31,-8.31,SGD,Completed,2025-04,2025,No,Essentials
TXN00402,2025-04-17,Expense,Everyday Spending,Card,Transport,MRT,SimplyGo,MRT transaction at SimplyGo,2.47,-2.47,SGD,Completed,2025-04,2025,No,Essentials
TXN00549,2025-04-17,Expense,Credit Card,PayNow,Entertainment,Movies,Golden Village,Movies transaction at Golden Village,17.81,-17.81,SGD,Completed,2025-04,2025,No,Lifestyle
TXN00057,2025-04-18,Expense,Credit Card,Card,Entertainment,Games,Steam,Games transaction at Steam,14.99,-14.99,SGD,Completed,2025-04,2025,Yes,Lifestyle
TXN00392,2025-04-18,Expense,Digital Wallet,Card,Transport,Ride Hailing,Gojek,Ride Hailing transaction at Gojek,30.55,-30.55,SGD,Completed,2025-04,2025,No,Essentials
TXN00390,2025-04-19,Expense,Credit Card,PayNow,Transport,Ride Hailing,Grab,Ride Hailing transaction at Grab,34.64,-34.64,SGD,Completed,2025-04,2025,No,Essentials
TXN00156,2025-04-20,Expense,Credit Card,PayNow,Food,Cafe,Toast Box,Cafe transaction at Toast Box,8.98,-8.98,SGD,Completed,2025-04,2025,No,Essentials
TXN00398,2025-04-20,Expense,Everyday Spending,PayNow,Transport,Taxi,ComfortDelGro,Taxi transaction at ComfortDelGro,30.83,-30.83,SGD,Completed,2025-04,2025,No,Essentials
TXN00158,2025-04-21,Expense,Credit Card,Cash,Food,Cafe,Don Don Donki,Cafe transaction at Don Don Donki,13.48,-13.48,SGD,Completed,2025-04,2025,No,Essentials
TXN00552,2025-04-21,Expense,Digital Wallet,Card,Shopping,Electronics,Shopee,Electronics transaction at Shopee,347.25,-347.25,SGD,Completed,2025-04,2025,No,Lifestyle
TXN00554,2025-04-21,Expense,Everyday Spending,Card,Shopping,Clothes,Uniqlo,Clothes transaction at Uniqlo,26.28,-26.28,SGD,Completed,2025-04,2025,No,Lifestyle
TXN00142,2025-04-22,Expense,Credit Card,Cash,Food,Hawker,Koufu,Hawker transaction at Koufu,5.47,-5.47,SGD,Completed,2025-04,2025,No,Essentials
TXN00144,2025-04-22,Expense,Digital Wallet,Cash,Food,Groceries,FairPrice,Groceries transaction at FairPrice,83.77,-83.77,SGD,Completed,2025-04,2025,No,Essentials
TXN00150,2025-04-22,Expense,Digital Wallet,PayNow,Food,Cafe,Don Don Donki,Cafe transaction at Don Don Donki,20.23,-20.23,SGD,Completed,2025-04,2025,No,Essentials
TXN00155,2025-04-22,Expense,Digital Wallet,PayNow,Food,Groceries,FairPrice,Groceries transaction at FairPrice,81.12,-81.12,SGD,Completed,2025-04,2025,No,Essentials
TXN00154,2025-04-23,Expense,Everyday Spending,Card,Food,Groceries,FairPrice,Groceries transaction at FairPrice,39.22,-39.22,SGD,Completed,2025-04,2025,No,Essentials
TXN00401,2025-04-23,Expense,Credit Card,Card,Transport,Taxi,ComfortDelGro,Taxi transaction at ComfortDelGro,19.31,-19.31,SGD,Completed,2025-04,2025,No,Essentials
TXN00147,2025-04-24,Expense,Credit Card,PayNow,Food,Restaurant,McDonald's,Restaurant transaction at McDonald's,15.86,-15.86,SGD,Completed,2025-04,2025,No,Essentials
TXN00004,2025-04-25,Income,Main Savings,Bank Transfer,Salary,Monthly Salary,Company Payroll,Monthly Salary transaction at Company Payroll,3554.3,3554.3,SGD,Completed,2025-04,2025,Yes,Income
TXN00143,2025-04-25,Expense,Digital Wallet,PayNow,Food,Hawker,Koufu,Hawker transaction at Koufu,5.9,-5.9,SGD,Completed,2025-04,2025,No,Essentials
TXN00405,2025-04-25,Expense,Credit Card,Card,Transport,MRT,SimplyGo,MRT transaction at SimplyGo,1.96,-1.96,SGD,Completed,2025-04,2025,No,Essentials
TXN00674,2025-04-26,Transfer,Everyday Spending,Bank Transfer,Transfer,Internal Transfer,Internal Account Transfer,Internal Transfer transaction at Internal Account Transfer,458.18,0,SGD,Completed,2025-04,2025,No,Transfer
TXN00394,2025-04-27,Expense,Credit Card,Card,Transport,Bus,SimplyGo,Bus transaction at SimplyGo,1.54,-1.54,SGD,Completed,2025-04,2025,No,Essentials
TXN00555,2025-04-28,Expense,Credit Card,Card,Education,Courses,Udemy,Courses transaction at Udemy,60.56,-60.56,SGD,Completed,2025-04,2025,No,Growth
TXN00180,2025-05-01,Expense,Credit Card,Cash,Food,Groceries,FairPrice,Groceries transaction at FairPrice,81.28,-81.28,SGD,Completed,2025-05,2025,No,Essentials
TXN00565,2025-05-01,Expense,Credit Card,Cash,Health,Gym,Anytime Fitness,Gym transaction at Anytime Fitness,99.02,-99.02,SGD,Completed,2025-05,2025,Yes,Essentials
TXN00168,2025-05-02,Expense,Everyday Spending,Cash,Food,Groceries,FairPrice,Groceries transaction at FairPrice,56.23,-56.23,SGD,Completed,2025-05,2025,No,Essentials
TXN00557,2025-05-02,Expense,Digital Wallet,PayNow,Health,Clinic,Raffles Medical,Clinic transaction at Raffles Medical,141.66,-141.66,SGD,Completed,2025-05,2025,No,Essentials
TXN00025,2025-05-03,Expense,Main Savings,GIRO,Bills,Phone Bill,Singtel,Phone Bill transaction at Singtel,56.4,-56.4,SGD,Completed,2025-05,2025,Yes,Essentials
TXN00177,2025-05-03,Expense,Credit Card,PayNow,Food,Cafe,Toast Box,Cafe transaction at Toast Box,7.9,-7.9,SGD,Completed,2025-05,2025,No,Essentials
TXN00413,2025-05-03,Expense,Credit Card,PayNow,Transport,MRT,SimplyGo,MRT transaction at SimplyGo,1.63,-1.63,SGD,Completed,2025-05,2025,No,Essentials
TXN00058,2025-05-05,Expense,Credit Card,Card,Entertainment,Subscriptions,Netflix,Subscriptions transaction at Netflix,17.98,-17.98,SGD,Completed,2025-05,2025,Yes,Lifestyle
TXN00176,2025-05-05,Expense,Digital Wallet,Card,Food,Cafe,Toast Box,Cafe transaction at Toast Box,6.62,-6.62,SGD,Completed,2025-05,2025,No,Essentials
TXN00167,2025-05-06,Expense,Digital Wallet,PayNow,Food,Cafe,Toast Box,Cafe transaction at Toast Box,10.63,-10.63,SGD,Completed,2025-05,2025,No,Essentials
TXN00559,2025-05-07,Expense,Digital Wallet,Cash,Shopping,Clothes,Uniqlo,Clothes transaction at Uniqlo,104.25,-104.25,SGD,Completed,2025-05,2025,No,Lifestyle
TXN00556,2025-05-08,Expense,Digital Wallet,Cash,Shopping,Clothes,Uniqlo,Clothes transaction at Uniqlo,53.54,-53.54,SGD,Completed,2025-05,2025,No,Lifestyle
TXN00698,2025-05-08,Expense,Credit Card,Cash,Shopping,Electronics,Shopee,Electronics transaction at Shopee,94.93,-94.93,SGD,Pending,2025-05,2025,No,Lifestyle
TXN00174,2025-05-09,Expense,Digital Wallet,Cash,Food,Cafe,Toast Box,Cafe transaction at Toast Box,8.08,-8.08,SGD,Completed,2025-05,2025,No,Essentials
TXN00175,2025-05-09,Expense,Digital Wallet,Card,Food,Cafe,Toast Box,Cafe transaction at Toast Box,7.35,-7.35,SGD,Completed,2025-05,2025,No,Essentials
TXN00569,2025-05-09,Expense,Digital Wallet,Bank Transfer,Shopping,Electronics,Shopee,Electronics transaction at Shopee,70.89,-70.89,SGD,Completed,2025-05,2025,No,Lifestyle
TXN00408,2025-05-10,Expense,Everyday Spending,Card,Transport,MRT,SimplyGo,MRT transaction at SimplyGo,1.46,-1.46,SGD,Completed,2025-05,2025,No,Essentials
TXN00410,2025-05-10,Expense,Everyday Spending,PayNow,Transport,Bus,SimplyGo,Bus transaction at SimplyGo,1.43,-1.43,SGD,Completed,2025-05,2025,No,Essentials
TXN00560,2025-05-10,Expense,Everyday Spending,Cash,Shopping,Electronics,Shopee,Electronics transaction at Shopee,73.61,-73.61,SGD,Completed,2025-05,2025,No,Lifestyle
TXN00568,2025-05-10,Expense,Digital Wallet,Card,Entertainment,Movies,Golden Village,Movies transaction at Golden Village,30.36,-30.36,SGD,Completed,2025-05,2025,No,Lifestyle
TXN00170,2025-05-11,Expense,Credit Card,PayNow,Food,Cafe,Don Don Donki,Cafe transaction at Don Don Donki,24.15,-24.15,SGD,Completed,2025-05,2025,No,Essentials
TXN00561,2025-05-11,Expense,Digital Wallet,Bank Transfer,Education,Software,Notion,Software transaction at Notion,12.61,-12.61,SGD,Completed,2025-05,2025,Yes,Growth
TXN00059,2025-05-12,Expense,Credit Card,Card,Entertainment,Subscriptions,Spotify,Subscriptions transaction at Spotify,10.98,-10.98,SGD,Completed,2025-05,2025,Yes,Lifestyle
TXN00566,2025-05-12,Expense,Credit Card,Cash,Health,Pharmacy,Guardian,Pharmacy transaction at Guardian,46.84,-46.84,SGD,Completed,2025-05,2025,No,Essentials
TXN00183,2025-05-13,Expense,Digital Wallet,Cash,Food,Hawker,Koufu,Hawker transaction at Koufu,6.18,-6.18,SGD,Completed,2025-05,2025,No,Essentials
TXN00411,2025-05-13,Expense,Everyday Spending,PayNow,Transport,Ride Hailing,Gojek,Ride Hailing transaction at Gojek,17.46,-17.46,SGD,Completed,2025-05,2025,No,Essentials
TXN00171,2025-05-14,Expense,Digital Wallet,Cash,Food,Cafe,Don Don Donki,Cafe transaction at Don Don Donki,22.12,-22.12,SGD,Completed,2025-05,2025,No,Essentials
TXN00178,2025-05-14,Expense,Credit Card,Cash,Food,Groceries,FairPrice,Groceries transaction at FairPrice,24.05,-24.05,SGD,Completed,2025-05,2025,No,Essentials
TXN00414,2025-05-14,Expense,Credit Card,PayNow,Transport,Ride Hailing,Gojek,Ride Hailing transaction at Gojek,13.67,-13.67,SGD,Completed,2025-05,2025,No,Essentials
TXN00563,2025-05-14,Expense,Everyday Spending,PayNow,Shopping,Electronics,Shopee,Electronics transaction at Shopee,96.61,-96.61,SGD,Completed,2025-05,2025,No,Lifestyle
TXN00676,2025-05-14,Transfer,Main Savings,Bank Transfer,Transfer,Internal Transfer,Internal Account Transfer,Internal Transfer transaction at Internal Account Transfer,731.63,0,SGD,Completed,2025-05,2025,No,Transfer
TXN00026,2025-05-15,Expense,Main Savings,GIRO,Bills,Utilities,SP Services,Utilities transaction at SP Services,147.21,-147.21,SGD,Completed,2025-05,2025,Yes,Essentials
TXN00027,2025-05-15,Expense,Main Savings,GIRO,Bills,Insurance,Income Insurance,Insurance transaction at Income Insurance,136.27,-136.27,SGD,Completed,2025-05,2025,Yes,Essentials
TXN00163,2025-05-16,Expense,Everyday Spending,Cash,Food,Cafe,Toast Box,Cafe transaction at Toast Box,9.28,-9.28,SGD,Completed,2025-05,2025,No,Essentials
TXN00165,2025-05-16,Expense,Everyday Spending,PayNow,Food,Groceries,FairPrice,Groceries transaction at FairPrice,45.98,-45.98,SGD,Completed,2025-05,2025,No,Essentials
TXN00182,2025-05-16,Expense,Credit Card,Cash,Food,Cafe,Toast Box,Cafe transaction at Toast Box,6.54,-6.54,SGD,Completed,2025-05,2025,No,Essentials
TXN00409,2025-05-17,Expense,Digital Wallet,PayNow,Transport,Ride Hailing,Grab,Ride Hailing transaction at Grab,21.16,-21.16,SGD,Completed,2025-05,2025,No,Essentials
TXN00562,2025-05-17,Expense,Credit Card,Card,Shopping,Electronics,Shopee,Electronics transaction at Shopee,266.0,-266.0,SGD,Completed,2025-05,2025,No,Lifestyle
TXN00060,2025-05-18,Expense,Credit Card,Card,Entertainment,Games,Steam,Games transaction at Steam,14.99,-14.99,SGD,Completed,2025-05,2025,Yes,Lifestyle
TXN00181,2025-05-18,Expense,Digital Wallet,PayNow,Food,Groceries,FairPrice,Groceries transaction at FairPrice,68.59,-68.59,SGD,Completed,2025-05,2025,No,Essentials
TXN00558,2025-05-19,Expense,Everyday Spending,PayNow,Education,Software,Notion,Software transaction at Notion,15.9,-15.9,SGD,Completed,2025-05,2025,Yes,Growth
TXN00164,2025-05-21,Expense,Digital Wallet,PayNow,Food,Groceries,FairPrice,Groceries transaction at FairPrice,57.42,-57.42,SGD,Completed,2025-05,2025,No,Essentials
TXN00677,2025-05-21,Transfer,Main Savings,Bank Transfer,Transfer,Internal Transfer,Internal Account Transfer,Internal Transfer transaction at Internal Account Transfer,582.91,0,SGD,Completed,2025-05,2025,No,Transfer
TXN00567,2025-05-22,Expense,Credit Card,Card,Shopping,Household,Lazada,Household transaction at Lazada,111.67,-111.67,SGD,Completed,2025-05,2025,No,Lifestyle
TXN00179,2025-05-23,Expense,Digital Wallet,Cash,Food,Cafe,Don Don Donki,Cafe transaction at Don Don Donki,8.33,-8.33,SGD,Completed,2025-05,2025,No,Essentials
TXN00654,2025-05-23,Income,Main Savings,Bank Transfer,Side Income,Freelance,Freelance Client,Freelance transaction at Freelance Client,221.39,221.39,SGD,Completed,2025-05,2025,No,Income
TXN00675,2025-05-23,Transfer,Everyday Spending,Bank Transfer,Transfer,Internal Transfer,Internal Account Transfer,Internal Transfer transaction at Internal Account Transfer,550.94,0,SGD,Completed,2025-05,2025,No,Transfer
TXN00172,2025-05-24,Expense,Credit Card,Cash,Food,Cafe,Toast Box,Cafe transaction at Toast Box,11.03,-11.03,SGD,Completed,2025-05,2025,No,Essentials
TXN00412,2025-05-24,Expense,Credit Card,Card,Transport,MRT,SimplyGo,MRT transaction at SimplyGo,1.75,-1.75,SGD,Completed,2025-05,2025,No,Essentials
TXN00005,2025-05-25,Income,Main Savings,Bank Transfer,Salary,Monthly Salary,Company Payroll,Monthly Salary transaction at Company Payroll,3217.88,3217.88,SGD,Completed,2025-05,2025,Yes,Income
TXN00166,2025-05-25,Expense,Everyday Spending,Cash,Food,Hawker,Koufu,Hawker transaction at Koufu,8.8,-8.8,SGD,Completed,2025-05,2025,No,Essentials
TXN00564,2025-05-25,Expense,Digital Wallet,Cash,Entertainment,Movies,Golden Village,Movies transaction at Golden Village,26.12,-26.12,SGD,Completed,2025-05,2025,No,Lifestyle
TXN00701,2025-05-25,Expense,Credit Card,Cash,Shopping,Electronics,Shopee,Electronics transaction at Shopee,159.23,-159.23,SGD,Pending,2025-05,2025,No,Lifestyle
TXN00162,2025-05-26,Expense,Everyday Spending,Card,Food,Cafe,Toast Box,Cafe transaction at Toast Box,6.39,-6.39,SGD,Completed,2025-05,2025,No,Essentials
TXN00169,2025-05-26,Expense,Digital Wallet,PayNow,Food,Cafe,Toast Box,Cafe transaction at Toast Box,8.25,-8.25,SGD,Completed,2025-05,2025,No,Essentials
TXN00407,2025-05-26,Expense,Digital Wallet,PayNow,Transport,Ride Hailing,Gojek,Ride Hailing transaction at Gojek,12.97,-12.97,SGD,Completed,2025-05,2025,No,Essentials
TXN00173,2025-05-27,Expense,Digital Wallet,Cash,Food,Cafe,Toast Box,Cafe transaction at Toast Box,9.46,-9.46,SGD,Completed,2025-05,2025,No,Essentials
TXN00406,2025-05-27,Expense,Digital Wallet,PayNow,Transport,Ride Hailing,Grab,Ride Hailing transaction at Grab,26.78,-26.78,SGD,Completed,2025-05,2025,No,Essentials
TXN00713,2025-05-30,Expense,Credit Card,PayNow,Shopping,Clothes,Uniqlo,Clothes transaction at Uniqlo,60.23,0,SGD,Refunded,2025-05,2025,No,Lifestyle
TXN00202,2025-06-01,Expense,Credit Card,Card,Food,Restaurant,McDonald's,Restaurant transaction at McDonald's,16.5,-16.5,SGD,Completed,2025-06,2025,No,Essentials
TXN00573,2025-06-01,Expense,Digital Wallet,Card,Shopping,Electronics,Shopee,Electronics transaction at Shopee,49.57,-49.57,SGD,Completed,2025-06,2025,No,Lifestyle
TXN00190,2025-06-02,Expense,Credit Card,Card,Food,Cafe,Don Don Donki,Cafe transaction at Don Don Donki,25.0,-25.0,SGD,Completed,2025-06,2025,No,Essentials
TXN00198,2025-06-03,Expense,Digital Wallet,Card,Food,Cafe,Toast Box,Cafe transaction at Toast Box,9.14,-9.14,SGD,Completed,2025-06,2025,No,Essentials
TXN00430,2025-06-03,Expense,Digital Wallet,PayNow,Transport,Taxi,ComfortDelGro,Taxi transaction at ComfortDelGro,24.28,-24.28,SGD,Completed,2025-06,2025,No,Essentials
TXN00431,2025-06-03,Expense,Credit Card,Card,Transport,Ride Hailing,Gojek,Ride Hailing transaction at Gojek,12.76,-12.76,SGD,Completed,2025-06,2025,No,Essentials
TXN00678,2025-06-03,Transfer,Main Savings,Bank Transfer,Transfer,Internal Transfer,Internal Account Transfer,Internal Transfer transaction at Internal Account Transfer,378.92,0,SGD,Completed,2025-06,2025,No,Transfer
TXN00028,2025-06-05,Expense,Main Savings,GIRO,Bills,Phone Bill,Singtel,Phone Bill transaction at Singtel,51.29,-51.29,SGD,Completed,2025-06,2025,Yes,Essentials
TXN00061,2025-06-05,Expense,Credit Card,Card,Entertainment,Subscriptions,Netflix,Subscriptions transaction at Netflix,17.98,-17.98,SGD,Completed,2025-06,2025,Yes,Lifestyle
TXN00184,2025-06-05,Expense,Digital Wallet,Card,Food,Groceries,FairPrice,Groceries transaction at FairPrice,83.75,-83.75,SGD,Completed,2025-06,2025,No,Essentials
TXN00186,2025-06-05,Expense,Everyday Spending,Card,Food,Groceries,FairPrice,Groceries transaction at FairPrice,76.35,-76.35,SGD,Completed,2025-06,2025,No,Essentials
TXN00193,2025-06-05,Expense,Everyday Spending,PayNow,Food,Cafe,Toast Box,Cafe transaction at Toast Box,8.31,-8.31,SGD,Completed,2025-06,2025,No,Essentials
TXN00424,2025-06-05,Expense,Credit Card,Card,Transport,MRT,SimplyGo,MRT transaction at SimplyGo,2.31,-2.31,SGD,Completed,2025-06,2025,No,Essentials
TXN00572,2025-06-06,Expense,Digital Wallet,Cash,Shopping,Electronics,Shopee,Electronics transaction at Shopee,162.22,-162.22,SGD,Completed,2025-06,2025,No,Lifestyle
TXN00578,2025-06-06,Expense,Credit Card,PayNow,Shopping,Electronics,Shopee,Electronics transaction at Shopee,163.44,-163.44,SGD,Completed,2025-06,2025,No,Lifestyle
TXN00192,2025-06-07,Expense,Digital Wallet,Card,Food,Cafe,Toast Box,Cafe transaction at Toast Box,10.87,-10.87,SGD,Completed,2025-06,2025,No,Essentials
TXN00421,2025-06-08,Expense,Everyday Spending,Card,Transport,Ride Hailing,Grab,Ride Hailing transaction at Grab,34.09,-34.09,SGD,Completed,2025-06,2025,No,Essentials
TXN00577,2025-06-09,Expense,Credit Card,Bank Transfer,Shopping,Household,Lazada,Household transaction at Lazada,64.69,-64.69,SGD,Completed,2025-06,2025,No,Lifestyle
TXN00196,2025-06-10,Expense,Everyday Spending,Cash,Food,Cafe,Toast Box,Cafe transaction at Toast Box,5.76,-5.76,SGD,Completed,2025-06,2025,No,Essentials
TXN00581,2025-06-10,Expense,Credit Card,PayNow,Shopping,Household,Lazada,Household transaction at Lazada,16.12,-16.12,SGD,Completed,2025-06,2025,No,Lifestyle
TXN00030,2025-06-11,Expense,Main Savings,GIRO,Bills,Insurance,Income Insurance,Insurance transaction at Income Insurance,180.91,-180.91,SGD,Completed,2025-06,2025,Yes,Essentials
TXN00029,2025-06-12,Expense,Main Savings,GIRO,Bills,Utilities,SP Services,Utilities transaction at SP Services,153.16,-153.16,SGD,Completed,2025-06,2025,Yes,Essentials
TXN00062,2025-06-12,Expense,Credit Card,Card,Entertainment,Subscriptions,Spotify,Subscriptions transaction at Spotify,10.98,-10.98,SGD,Completed,2025-06,2025,Yes,Lifestyle
TXN00203,2025-06-12,Expense,Credit Card,PayNow,Food,Groceries,FairPrice,Groceries transaction at FairPrice,61.31,-61.31,SGD,Completed,2025-06,2025,No,Essentials
TXN00429,2025-06-12,Expense,Digital Wallet,Card,Transport,Ride Hailing,Grab,Ride Hailing transaction at Grab,22.75,-22.75,SGD,Completed,2025-06,2025,No,Essentials
TXN00570,2025-06-12,Expense,Everyday Spending,PayNow,Health,Gym,Anytime Fitness,Gym transaction at Anytime Fitness,83.2,-83.2,SGD,Completed,2025-06,2025,Yes,Essentials
TXN00571,2025-06-12,Expense,Everyday Spending,Bank Transfer,Education,Courses,Udemy,Courses transaction at Udemy,94.94,-94.94,SGD,Completed,2025-06,2025,No,Growth
TXN00187,2025-06-13,Expense,Credit Card,Cash,Food,Restaurant,McDonald's,Restaurant transaction at McDonald's,11.27,-11.27,SGD,Completed,2025-06,2025,No,Essentials
TXN00201,2025-06-14,Expense,Everyday Spending,PayNow,Food,Cafe,Don Don Donki,Cafe transaction at Don Don Donki,19.25,-19.25,SGD,Completed,2025-06,2025,No,Essentials
TXN00433,2025-06-14,Expense,Everyday Spending,Card,Transport,Bus,SimplyGo,Bus transaction at SimplyGo,1.6,-1.6,SGD,Completed,2025-06,2025,No,Essentials
TXN00575,2025-06-14,Expense,Everyday Spending,Bank Transfer,Health,Clinic,Raffles Medical,Clinic transaction at Raffles Medical,82.66,-82.66,SGD,Completed,2025-06,2025,No,Essentials
TXN00194,2025-06-15,Expense,Credit Card,Card,Food,Cafe,Toast Box,Cafe transaction at Toast Box,9.9,-9.9,SGD,Completed,2025-06,2025,No,Essentials
TXN00418,2025-06-15,Expense,Everyday Spending,Card,Transport,Taxi,ComfortDelGro,Taxi transaction at ComfortDelGro,16.04,-16.04,SGD,Completed,2025-06,2025,No,Essentials
TXN00432,2025-06-17,Expense,Digital Wallet,Card,Transport,Ride Hailing,Gojek,Ride Hailing transaction at Gojek,17.58,-17.58,SGD,Completed,2025-06,2025,No,Essentials
TXN00576,2025-06-17,Expense,Credit Card,Bank Transfer,Entertainment,Movies,Golden Village,Movies transaction at Golden Village,15.9,-15.9,SGD,Completed,2025-06,2025,No,Lifestyle
TXN00422,2025-06-18,Expense,Credit Card,PayNow,Transport,Ride Hailing,Gojek,Ride Hailing transaction at Gojek,12.59,-12.59,SGD,Completed,2025-06,2025,No,Essentials
TXN00426,2025-06-18,Expense,Credit Card,Card,Transport,MRT,SimplyGo,MRT transaction at SimplyGo,1.9,-1.9,SGD,Completed,2025-06,2025,No,Essentials
TXN00185,2025-06-19,Expense,Everyday Spending,Card,Food,Groceries,FairPrice,Groceries transaction at FairPrice,56.69,-56.69,SGD,Completed,2025-06,2025,No,Essentials
TXN00420,2025-06-19,Expense,Credit Card,PayNow,Transport,Ride Hailing,Gojek,Ride Hailing transaction at Gojek,13.03,-13.03,SGD,Completed,2025-06,2025,No,Essentials
TXN00655,2025-06-19,Income,Main Savings,PayNow,Side Income,Freelance,Freelance Client,Freelance transaction at Freelance Client,319.64,319.64,SGD,Completed,2025-06,2025,No,Income
TXN00195,2025-06-20,Expense,Digital Wallet,Card,Food,Cafe,Don Don Donki,Cafe transaction at Don Don Donki,24.38,-24.38,SGD,Completed,2025-06,2025,No,Essentials
TXN00423,2025-06-20,Expense,Credit Card,Card,Transport,Bus,SimplyGo,Bus transaction at SimplyGo,1.34,-1.34,SGD,Completed,2025-06,2025,No,Essentials
TXN00574,2025-06-20,Expense,Credit Card,Card,Entertainment,Movies,Golden Village,Movies transaction at Golden Village,30.04,-30.04,SGD,Completed,2025-06,2025,No,Lifestyle
TXN00580,2025-06-20,Expense,Credit Card,Card,Education,Courses,Udemy,Courses transaction at Udemy,79.75,-79.75,SGD,Completed,2025-06,2025,No,Growth
TXN00197,2025-06-22,Expense,Credit Card,Cash,Food,Cafe,Don Don Donki,Cafe transaction at Don Don Donki,23.44,-23.44,SGD,Completed,2025-06,2025,No,Essentials
TXN00419,2025-06-22,Expense,Credit Card,PayNow,Transport,Bus,SimplyGo,Bus transaction at SimplyGo,1.54,-1.54,SGD,Completed,2025-06,2025,No,Essentials
TXN00199,2025-06-23,Expense,Digital Wallet,PayNow,Food,Hawker,Koufu,Hawker transaction at Koufu,8.36,-8.36,SGD,Completed,2025-06,2025,No,Essentials
TXN00415,2025-06-24,Expense,Credit Card,PayNow,Transport,MRT,SimplyGo,MRT transaction at SimplyGo,2.33,-2.33,SGD,Completed,2025-06,2025,No,Essentials
TXN00417,2025-06-24,Expense,Everyday Spending,Card,Transport,Ride Hailing,Grab,Ride Hailing transaction at Grab,27.63,-27.63,SGD,Completed,2025-06,2025,No,Essentials
TXN00188,2025-06-25,Expense,Credit Card,Cash,Food,Restaurant,McDonald's,Restaurant transaction at McDonald's,16.8,-16.8,SGD,Completed,2025-06,2025,No,Essentials
TXN00191,2025-06-25,Expense,Everyday Spending,Card,Food,Hawker,Koufu,Hawker transaction at Koufu,9.29,-9.29,SGD,Completed,2025-06,2025,No,Essentials
TXN00665,2025-06-25,Income,Main Savings,Bank Transfer,Investment,Capital Gain,Bank Interest,Capital Gain transaction at Bank Interest,330.03,330.03,SGD,Completed,2025-06,2025,No,Income
TXN00006,2025-06-26,Income,Main Savings,Bank Transfer,Salary,Monthly Salary,Company Payroll,Monthly Salary transaction at Company Payroll,3339.6,3339.6,SGD,Completed,2025-06,2025,Yes,Income
TXN00200,2025-06-26,Expense,Everyday Spending,Cash,Food,Hawker,Koufu,Hawker transaction at Koufu,9.42,-9.42,SGD,Completed,2025-06,2025,No,Essentials
TXN00416,2025-06-26,Expense,Everyday Spending,PayNow,Transport,Ride Hailing,Grab,Ride Hailing transaction at Grab,33.8,-33.8,SGD,Completed,2025-06,2025,No,Essentials
TXN00425,2025-06-26,Expense,Credit Card,PayNow,Transport,Ride Hailing,Gojek,Ride Hailing transaction at Gojek,25.0,-25.0,SGD,Completed,2025-06,2025,No,Essentials
TXN00427,2025-06-26,Expense,Everyday Spending,Card,Transport,Bus,SimplyGo,Bus transaction at SimplyGo,1.43,-1.43,SGD,Completed,2025-06,2025,No,Essentials
TXN00428,2025-06-26,Expense,Credit Card,Card,Transport,Bus,SimplyGo,Bus transaction at SimplyGo,1.17,-1.17,SGD,Completed,2025-06,2025,No,Essentials
TXN00579,2025-06-26,Expense,Credit Card,Bank Transfer,Education,Courses,Udemy,Courses transaction at Udemy,23.08,-23.08,SGD,Completed,2025-06,2025,No,Growth
TXN00679,2025-06-26,Transfer,Everyday Spending,Bank Transfer,Transfer,Internal Transfer,Internal Account Transfer,Internal Transfer transaction at Internal Account Transfer,239.84,0,SGD,Completed,2025-06,2025,No,Transfer
TXN00189,2025-06-27,Expense,Everyday Spending,PayNow,Food,Restaurant,McDonald's,Restaurant transaction at McDonald's,8.82,-8.82,SGD,Completed,2025-06,2025,No,Essentials
TXN00588,2025-07-01,Expense,Credit Card,Bank Transfer,Education,Software,Notion,Software transaction at Notion,19.44,-19.44,SGD,Completed,2025-07,2025,Yes,Growth
TXN00437,2025-07-03,Expense,Everyday Spending,Card,Transport,Ride Hailing,Grab,Ride Hailing transaction at Grab,23.56,-23.56,SGD,Completed,2025-07,2025,No,Essentials
TXN00439,2025-07-03,Expense,Digital Wallet,PayNow,Transport,MRT,SimplyGo,MRT transaction at SimplyGo,1.26,-1.26,SGD,Completed,2025-07,2025,No,Essentials
TXN00592,2025-07-03,Expense,Digital Wallet,Cash,Education,Books,Popular,Books transaction at Popular,33.56,-33.56,SGD,Completed,2025-07,2025,No,Growth
TXN00031,2025-07-04,Expense,Main Savings,GIRO,Bills,Phone Bill,Singtel,Phone Bill transaction at Singtel,61.02,-61.02,SGD,Completed,2025-07,2025,Yes,Essentials
TXN00063,2025-07-05,Expense,Credit Card,Card,Entertainment,Subscriptions,Netflix,Subscriptions transaction at Netflix,17.98,-17.98,SGD,Completed,2025-07,2025,Yes,Lifestyle
TXN00445,2025-07-05,Expense,Digital Wallet,Card,Transport,Ride Hailing,Grab,Ride Hailing transaction at Grab,29.5,-29.5,SGD,Completed,2025-07,2025,No,Essentials
TXN00204,2025-07-06,Expense,Digital Wallet,Cash,Food,Groceries,FairPrice,Groceries transaction at FairPrice,67.7,-67.7,SGD,Completed,2025-07,2025,No,Essentials
TXN00443,2025-07-06,Expense,Credit Card,PayNow,Transport,MRT,SimplyGo,MRT transaction at SimplyGo,1.77,-1.77,SGD,Completed,2025-07,2025,No,Essentials
TXN00210,2025-07-07,Expense,Credit Card,Cash,Food,Groceries,FairPrice,Groceries transaction at FairPrice,43.06,-43.06,SGD,Completed,2025-07,2025,No,Essentials
TXN00221,2025-07-07,Expense,Credit Card,PayNow,Food,Cafe,Toast Box,Cafe transaction at Toast Box,10.17,-10.17,SGD,Completed,2025-07,2025,No,Essentials
TXN00451,2025-07-07,Expense,Everyday Spending,Card,Transport,Bus,SimplyGo,Bus transaction at SimplyGo,1.7,-1.7,SGD,Completed,2025-07,2025,No,Essentials
TXN00219,2025-07-08,Expense,Everyday Spending,Cash,Food,Restaurant,McDonald's,Restaurant transaction at McDonald's,9.21,-9.21,SGD,Completed,2025-07,2025,No,Essentials
TXN00446,2025-07-09,Expense,Everyday Spending,Card,Transport,MRT,SimplyGo,MRT transaction at SimplyGo,1.78,-1.78,SGD,Completed,2025-07,2025,No,Essentials
TXN00591,2025-07-09,Expense,Digital Wallet,Cash,Health,Pharmacy,Guardian,Pharmacy transaction at Guardian,53.5,-53.5,SGD,Completed,2025-07,2025,No,Essentials
TXN00215,2025-07-10,Expense,Digital Wallet,Card,Food,Hawker,Koufu,Hawker transaction at Koufu,5.61,-5.61,SGD,Completed,2025-07,2025,No,Essentials
TXN00223,2025-07-10,Expense,Everyday Spending,Cash,Food,Cafe,Toast Box,Cafe transaction at Toast Box,6.59,-6.59,SGD,Completed,2025-07,2025,No,Essentials
TXN00434,2025-07-10,Expense,Credit Card,Card,Transport,Bus,SimplyGo,Bus transaction at SimplyGo,1.2,-1.2,SGD,Completed,2025-07,2025,No,Essentials
TXN00447,2025-07-10,Expense,Digital Wallet,PayNow,Transport,MRT,SimplyGo,MRT transaction at SimplyGo,2.43,-2.43,SGD,Completed,2025-07,2025,No,Essentials
TXN00681,2025-07-10,Transfer,Main Savings,Bank Transfer,Transfer,Internal Transfer,Internal Account Transfer,Internal Transfer transaction at Internal Account Transfer,728.81,0,SGD,Completed,2025-07,2025,No,Transfer
TXN00032,2025-07-11,Expense,Main Savings,GIRO,Bills,Utilities,SP Services,Utilities transaction at SP Services,104.71,-104.71,SGD,Completed,2025-07,2025,Yes,Essentials
TXN00209,2025-07-11,Expense,Credit Card,Card,Food,Groceries,FairPrice,Groceries transaction at FairPrice,21.87,-21.87,SGD,Completed,2025-07,2025,No,Essentials
TXN00444,2025-07-11,Expense,Credit Card,PayNow,Transport,Bus,SimplyGo,Bus transaction at SimplyGo,1.73,-1.73,SGD,Completed,2025-07,2025,No,Essentials
TXN00583,2025-07-11,Expense,Digital Wallet,Bank Transfer,Health,Clinic,Raffles Medical,Clinic transaction at Raffles Medical,106.35,-106.35,SGD,Completed,2025-07,2025,No,Essentials
TXN00584,2025-07-11,Expense,Credit Card,PayNow,Education,Courses,Udemy,Courses transaction at Udemy,33.65,-33.65,SGD,Completed,2025-07,2025,No,Growth
TXN00064,2025-07-12,Expense,Credit Card,Card,Entertainment,Subscriptions,Spotify,Subscriptions transaction at Spotify,10.98,-10.98,SGD,Completed,2025-07,2025,Yes,Lifestyle
TXN00217,2025-07-12,Expense,Digital Wallet,PayNow,Food,Cafe,Don Don Donki,Cafe transaction at Don Don Donki,15.23,-15.23,SGD,Completed,2025-07,2025,No,Essentials
TXN00218,2025-07-12,Expense,Credit Card,Cash,Food,Restaurant,McDonald's,Restaurant transaction at McDonald's,15.03,-15.03,SGD,Completed,2025-07,2025,No,Essentials
TXN00586,2025-07-13,Expense,Credit Card,PayNow,Health,Gym,Anytime Fitness,Gym transaction at Anytime Fitness,88.41,-88.41,SGD,Completed,2025-07,2025,Yes,Essentials
TXN00593,2025-07-13,Expense,Digital Wallet,Cash,Entertainment,Movies,Golden Village,Movies transaction at Golden Village,24.29,-24.29,SGD,Completed,2025-07,2025,No,Lifestyle
TXN00582,2025-07-15,Expense,Digital Wallet,Bank Transfer,Health,Gym,Anytime Fitness,Gym transaction at Anytime Fitness,90.04,-90.04,SGD,Completed,2025-07,2025,Yes,Essentials
TXN00033,2025-07-16,Expense,Main Savings,GIRO,Bills,Insurance,Income Insurance,Insurance transaction at Income Insurance,146.99,-146.99,SGD,Completed,2025-07,2025,Yes,Essentials
TXN00213,2025-07-16,Expense,Everyday Spending,PayNow,Food,Groceries,FairPrice,Groceries transaction at FairPrice,56.09,-56.09,SGD,Completed,2025-07,2025,No,Essentials
TXN00450,2025-07-16,Expense,Credit Card,PayNow,Transport,Ride Hailing,Gojek,Ride Hailing transaction at Gojek,10.51,-10.51,SGD,Completed,2025-07,2025,No,Essentials
TXN00212,2025-07-17,Expense,Everyday Spending,Card,Food,Hawker,Koufu,Hawker transaction at Koufu,9.24,-9.24,SGD,Completed,2025-07,2025,No,Essentials
TXN00435,2025-07-17,Expense,Everyday Spending,PayNow,Transport,Ride Hailing,Grab,Ride Hailing transaction at Grab,32.58,-32.58,SGD,Completed,2025-07,2025,No,Essentials
TXN00441,2025-07-18,Expense,Credit Card,PayNow,Transport,Ride Hailing,Gojek,Ride Hailing transaction at Gojek,16.37,-16.37,SGD,Completed,2025-07,2025,No,Essentials
TXN00587,2025-07-19,Expense,Digital Wallet,Bank Transfer,Shopping,Electronics,Shopee,Electronics transaction at Shopee,85.93,-85.93,SGD,Completed,2025-07,2025,No,Lifestyle
TXN00680,2025-07-19,Transfer,Main Savings,Bank Transfer,Transfer,Internal Transfer,Internal Account Transfer,Internal Transfer transaction at Internal Account Transfer,670.86,0,SGD,Completed,2025-07,2025,No,Transfer
TXN00211,2025-07-20,Expense,Credit Card,PayNow,Food,Restaurant,McDonald's,Restaurant transaction at McDonald's,15.01,-15.01,SGD,Completed,2025-07,2025,No,Essentials
TXN00214,2025-07-21,Expense,Credit Card,Card,Food,Groceries,FairPrice,Groceries transaction at FairPrice,66.27,-66.27,SGD,Completed,2025-07,2025,No,Essentials
TXN00436,2025-07-21,Expense,Credit Card,Card,Transport,Bus,SimplyGo,Bus transaction at SimplyGo,2.15,-2.15,SGD,Completed,2025-07,2025,No,Essentials
TXN00216,2025-07-22,Expense,Credit Card,PayNow,Food,Restaurant,McDonald's,Restaurant transaction at McDonald's,13.82,-13.82,SGD,Completed,2025-07,2025,No,Essentials
TXN00438,2025-07-22,Expense,Digital Wallet,PayNow,Transport,Bus,SimplyGo,Bus transaction at SimplyGo,1.75,-1.75,SGD,Completed,2025-07,2025,No,Essentials
TXN00590,2025-07-22,Expense,Digital Wallet,PayNow,Education,Books,Popular,Books transaction at Popular,35.97,-35.97,SGD,Completed,2025-07,2025,No,Growth
TXN00220,2025-07-24,Expense,Digital Wallet,Card,Food,Hawker,Koufu,Hawker transaction at Koufu,7.18,-7.18,SGD,Completed,2025-07,2025,No,Essentials
TXN00585,2025-07-24,Expense,Credit Card,Bank Transfer,Health,Clinic,Raffles Medical,Clinic transaction at Raffles Medical,116.45,-116.45,SGD,Completed,2025-07,2025,No,Essentials
TXN00007,2025-07-25,Income,Main Savings,Bank Transfer,Salary,Monthly Salary,Company Payroll,Monthly Salary transaction at Company Payroll,3536.75,3536.75,SGD,Completed,2025-07,2025,Yes,Income
TXN00208,2025-07-25,Expense,Digital Wallet,PayNow,Food,Cafe,Toast Box,Cafe transaction at Toast Box,8.25,-8.25,SGD,Completed,2025-07,2025,No,Essentials
TXN00222,2025-07-25,Expense,Credit Card,Card,Food,Cafe,Don Don Donki,Cafe transaction at Don Don Donki,16.92,-16.92,SGD,Completed,2025-07,2025,No,Essentials
TXN00440,2025-07-25,Expense,Digital Wallet,Card,Transport,Bus,SimplyGo,Bus transaction at SimplyGo,1.69,-1.69,SGD,Completed,2025-07,2025,No,Essentials
TXN00449,2025-07-25,Expense,Digital Wallet,PayNow,Transport,Bus,SimplyGo,Bus transaction at SimplyGo,1.19,-1.19,SGD,Completed,2025-07,2025,No,Essentials
TXN00205,2025-07-26,Expense,Credit Card,Cash,Food,Cafe,Don Don Donki,Cafe transaction at Don Don Donki,23.63,-23.63,SGD,Completed,2025-07,2025,No,Essentials
TXN00442,2025-07-26,Expense,Credit Card,PayNow,Transport,Bus,SimplyGo,Bus transaction at SimplyGo,1.97,-1.97,SGD,Completed,2025-07,2025,No,Essentials
TXN00589,2025-07-26,Expense,Digital Wallet,Card,Education,Courses,Udemy,Courses transaction at Udemy,45.59,-45.59,SGD,Completed,2025-07,2025,No,Growth
TXN00206,2025-07-27,Expense,Credit Card,Cash,Food,Groceries,FairPrice,Groceries transaction at FairPrice,67.52,-67.52,SGD,Completed,2025-07,2025,No,Essentials
TXN00207,2025-07-27,Expense,Credit Card,Cash,Food,Cafe,Toast Box,Cafe transaction at Toast Box,11.54,-11.54,SGD,Completed,2025-07,2025,No,Essentials
TXN00452,2025-07-27,Expense,Credit Card,PayNow,Transport,Ride Hailing,Grab,Ride Hailing transaction at Grab,27.05,-27.05,SGD,Completed,2025-07,2025,No,Essentials
TXN00448,2025-07-28,Expense,Credit Card,PayNow,Transport,Bus,SimplyGo,Bus transaction at SimplyGo,2.08,-2.08,SGD,Completed,2025-07,2025,No,Essentials
TXN00237,2025-08-01,Expense,Digital Wallet,PayNow,Food,Cafe,Toast Box,Cafe transaction at Toast Box,7.86,-7.86,SGD,Completed,2025-08,2025,No,Essentials
TXN00600,2025-08-01,Expense,Credit Card,Cash,Health,Gym,Anytime Fitness,Gym transaction at Anytime Fitness,94.48,-94.48,SGD,Completed,2025-08,2025,Yes,Essentials
TXN00459,2025-08-02,Expense,Credit Card,PayNow,Transport,MRT,SimplyGo,MRT transaction at SimplyGo,1.38,-1.38,SGD,Completed,2025-08,2025,No,Essentials
TXN00604,2025-08-03,Expense,Digital Wallet,Card,Health,Gym,Anytime Fitness,Gym transaction at Anytime Fitness,89.01,-89.01,SGD,Completed,2025-08,2025,Yes,Essentials
TXN00657,2025-08-03,Income,Main Savings,Bank Transfer,Side Income,Tutoring,Private Student,Tutoring transaction at Private Student,164.71,164.71,SGD,Completed,2025-08,2025,No,Income
TXN00228,2025-08-04,Expense,Credit Card,Cash,Food,Groceries,FairPrice,Groceries transaction at FairPrice,73.44,-73.44,SGD,Completed,2025-08,2025,No,Essentials
TXN00231,2025-08-04,Expense,Credit Card,PayNow,Food,Cafe,Toast Box,Cafe transaction at Toast Box,8.91,-8.91,SGD,Completed,2025-08,2025,No,Essentials
TXN00456,2025-08-04,Expense,Everyday Spending,PayNow,Transport,Taxi,ComfortDelGro,Taxi transaction at ComfortDelGro,18.86,-18.86,SGD,Completed,2025-08,2025,No,Essentials
TXN00601,2025-08-04,Expense,Digital Wallet,Bank Transfer,Shopping,Electronics,Shopee,Electronics transaction at Shopee,294.33,-294.33,SGD,Completed,2025-08,2025,No,Lifestyle
TXN00065,2025-08-05,Expense,Credit Card,Card,Entertainment,Subscriptions,Netflix,Subscriptions transaction at Netflix,17.98,-17.98,SGD,Completed,2025-08,2025,Yes,Lifestyle
TXN00224,2025-08-05,Expense,Everyday Spending,PayNow,Food,Cafe,Don Don Donki,Cafe transaction at Don Don Donki,12.66,-12.66,SGD,Completed,2025-08,2025,No,Essentials
TXN00236,2025-08-06,Expense,Digital Wallet,Card,Food,Hawker,Koufu,Hawker transaction at Koufu,5.7,-5.7,SGD,Completed,2025-08,2025,No,Essentials
TXN00034,2025-08-08,Expense,Main Savings,GIRO,Bills,Phone Bill,Singtel,Phone Bill transaction at Singtel,65.64,-65.64,SGD,Completed,2025-08,2025,Yes,Essentials
TXN00598,2025-08-08,Expense,Digital Wallet,Bank Transfer,Health,Clinic,Raffles Medical,Clinic transaction at Raffles Medical,96.17,-96.17,SGD,Completed,2025-08,2025,No,Essentials
TXN00682,2025-08-08,Transfer,Everyday Spending,Bank Transfer,Transfer,Internal Transfer,Internal Account Transfer,Internal Transfer transaction at Internal Account Transfer,177.59,0,SGD,Completed,2025-08,2025,No,Transfer
TXN00240,2025-08-09,Expense,Digital Wallet,PayNow,Food,Cafe,Toast Box,Cafe transaction at Toast Box,10.51,-10.51,SGD,Completed,2025-08,2025,No,Essentials
TXN00036,2025-08-10,Expense,Main Savings,GIRO,Bills,Insurance,Income Insurance,Insurance transaction at Income Insurance,142.9,-142.9,SGD,Completed,2025-08,2025,Yes,Essentials
TXN00238,2025-08-10,Expense,Credit Card,PayNow,Food,Groceries,FairPrice,Groceries transaction at FairPrice,22.12,-22.12,SGD,Completed,2025-08,2025,No,Essentials
TXN00602,2025-08-10,Expense,Everyday Spending,Cash,Health,Gym,Anytime Fitness,Gym transaction at Anytime Fitness,90.29,-90.29,SGD,Completed,2025-08,2025,Yes,Essentials
TXN00035,2025-08-11,Expense,Main Savings,GIRO,Bills,Utilities,SP Services,Utilities transaction at SP Services,151.62,-151.62,SGD,Completed,2025-08,2025,Yes,Essentials
TXN00457,2025-08-11,Expense,Credit Card,Card,Transport,Ride Hailing,Grab,Ride Hailing transaction at Grab,24.83,-24.83,SGD,Completed,2025-08,2025,No,Essentials
TXN00066,2025-08-12,Expense,Credit Card,Card,Entertainment,Subscriptions,Spotify,Subscriptions transaction at Spotify,10.98,-10.98,SGD,Completed,2025-08,2025,Yes,Lifestyle
TXN00463,2025-08-12,Expense,Everyday Spending,PayNow,Transport,Ride Hailing,Gojek,Ride Hailing transaction at Gojek,17.29,-17.29,SGD,Completed,2025-08,2025,No,Essentials
TXN00599,2025-08-12,Expense,Digital Wallet,Bank Transfer,Education,Courses,Udemy,Courses transaction at Udemy,56.07,-56.07,SGD,Completed,2025-08,2025,No,Growth
TXN00455,2025-08-13,Expense,Digital Wallet,PayNow,Transport,MRT,SimplyGo,MRT transaction at SimplyGo,1.86,-1.86,SGD,Completed,2025-08,2025,No,Essentials
TXN00241,2025-08-14,Expense,Everyday Spending,PayNow,Food,Cafe,Toast Box,Cafe transaction at Toast Box,5.8,-5.8,SGD,Completed,2025-08,2025,No,Essentials
TXN00607,2025-08-14,Expense,Everyday Spending,Cash,Education,Software,Notion,Software transaction at Notion,19.5,-19.5,SGD,Completed,2025-08,2025,Yes,Growth
TXN00227,2025-08-15,Expense,Everyday Spending,Cash,Food,Groceries,FairPrice,Groceries transaction at FairPrice,42.15,-42.15,SGD,Completed,2025-08,2025,No,Essentials
TXN00233,2025-08-15,Expense,Digital Wallet,Cash,Food,Groceries,FairPrice,Groceries transaction at FairPrice,39.33,-39.33,SGD,Completed,2025-08,2025,No,Essentials
TXN00603,2025-08-16,Expense,Digital Wallet,Cash,Health,Gym,Anytime Fitness,Gym transaction at Anytime Fitness,82.93,-82.93,SGD,Completed,2025-08,2025,Yes,Essentials
TXN00606,2025-08-17,Expense,Everyday Spending,PayNow,Health,Pharmacy,Guardian,Pharmacy transaction at Guardian,22.99,-22.99,SGD,Completed,2025-08,2025,No,Essentials
TXN00666,2025-08-17,Income,Main Savings,Bank Transfer,Investment,Interest,Brokerage Platform,Interest transaction at Brokerage Platform,216.36,216.36,SGD,Completed,2025-08,2025,No,Income
TXN00462,2025-08-18,Expense,Digital Wallet,PayNow,Transport,Taxi,ComfortDelGro,Taxi transaction at ComfortDelGro,29.7,-29.7,SGD,Completed,2025-08,2025,No,Essentials
TXN00229,2025-08-19,Expense,Everyday Spending,Card,Food,Hawker,Koufu,Hawker transaction at Koufu,7.65,-7.65,SGD,Completed,2025-08,2025,No,Essentials
TXN00234,2025-08-19,Expense,Digital Wallet,PayNow,Food,Restaurant,McDonald's,Restaurant transaction at McDonald's,14.21,-14.21,SGD,Completed,2025-08,2025,No,Essentials
TXN00454,2025-08-19,Expense,Credit Card,PayNow,Transport,MRT,SimplyGo,MRT transaction at SimplyGo,1.93,-1.93,SGD,Completed,2025-08,2025,No,Essentials
TXN00465,2025-08-19,Expense,Digital Wallet,PayNow,Transport,MRT,SimplyGo,MRT transaction at SimplyGo,1.82,-1.82,SGD,Completed,2025-08,2025,No,Essentials
TXN00458,2025-08-20,Expense,Digital Wallet,Card,Transport,Bus,SimplyGo,Bus transaction at SimplyGo,1.61,-1.61,SGD,Completed,2025-08,2025,No,Essentials
TXN00460,2025-08-20,Expense,Everyday Spending,PayNow,Transport,Taxi,ComfortDelGro,Taxi transaction at ComfortDelGro,41.79,-41.79,SGD,Completed,2025-08,2025,No,Essentials
TXN00464,2025-08-20,Expense,Digital Wallet,Card,Transport,MRT,SimplyGo,MRT transaction at SimplyGo,1.82,-1.82,SGD,Completed,2025-08,2025,No,Essentials
TXN00596,2025-08-21,Expense,Digital Wallet,Cash,Shopping,Household,Lazada,Household transaction at Lazada,116.09,-116.09,SGD,Completed,2025-08,2025,No,Lifestyle
TXN00692,2025-08-22,Expense,Main Savings,PayNow,Shopping,Electronics,Shopee,Electronics transaction at Shopee,111.94,-111.94,SGD,Pending,2025-08,2025,No,Lifestyle
TXN00225,2025-08-23,Expense,Digital Wallet,Cash,Food,Restaurant,McDonald's,Restaurant transaction at McDonald's,17.44,-17.44,SGD,Completed,2025-08,2025,No,Essentials
TXN00239,2025-08-23,Expense,Everyday Spending,PayNow,Food,Restaurant,McDonald's,Restaurant transaction at McDonald's,16.6,-16.6,SGD,Completed,2025-08,2025,No,Essentials
TXN00461,2025-08-24,Expense,Digital Wallet,PayNow,Transport,Ride Hailing,Gojek,Ride Hailing transaction at Gojek,28.54,-28.54,SGD,Completed,2025-08,2025,No,Essentials
TXN00235,2025-08-25,Expense,Everyday Spending,Cash,Food,Hawker,Koufu,Hawker transaction at Koufu,5.54,-5.54,SGD,Completed,2025-08,2025,No,Essentials
TXN00453,2025-08-25,Expense,Everyday Spending,PayNow,Transport,Ride Hailing,Grab,Ride Hailing transaction at Grab,21.27,-21.27,SGD,Completed,2025-08,2025,No,Essentials
TXN00595,2025-08-25,Expense,Digital Wallet,PayNow,Shopping,Electronics,Shopee,Electronics transaction at Shopee,101.92,-101.92,SGD,Completed,2025-08,2025,No,Lifestyle
TXN00230,2025-08-26,Expense,Credit Card,Card,Food,Cafe,Toast Box,Cafe transaction at Toast Box,8.94,-8.94,SGD,Completed,2025-08,2025,No,Essentials
TXN00232,2025-08-26,Expense,Digital Wallet,Cash,Food,Cafe,Don Don Donki,Cafe transaction at Don Don Donki,18.51,-18.51,SGD,Completed,2025-08,2025,No,Essentials
TXN00594,2025-08-26,Expense,Digital Wallet,Card,Shopping,Clothes,Uniqlo,Clothes transaction at Uniqlo,155.74,-155.74,SGD,Completed,2025-08,2025,No,Lifestyle
TXN00597,2025-08-26,Expense,Everyday Spending,Card,Health,Gym,Anytime Fitness,Gym transaction at Anytime Fitness,92.91,-92.91,SGD,Completed,2025-08,2025,Yes,Essentials
TXN00008,2025-08-28,Income,Main Savings,Bank Transfer,Salary,Monthly Salary,Company Payroll,Monthly Salary transaction at Company Payroll,3332.26,3332.26,SGD,Completed,2025-08,2025,Yes,Income
TXN00226,2025-08-28,Expense,Credit Card,Cash,Food,Hawker,Koufu,Hawker transaction at Koufu,4.56,-4.56,SGD,Completed,2025-08,2025,No,Essentials
TXN00605,2025-08-28,Expense,Everyday Spending,Bank Transfer,Shopping,Clothes,Uniqlo,Clothes transaction at Uniqlo,71.32,-71.32,SGD,Completed,2025-08,2025,No,Lifestyle
TXN00656,2025-08-28,Income,Main Savings,Bank Transfer,Side Income,Freelance,Freelance Client,Freelance transaction at Freelance Client,466.74,466.74,SGD,Completed,2025-08,2025,No,Income
TXN00696,2025-08-30,Expense,Everyday Spending,Bank Transfer,Food,Restaurant,McDonald's,Restaurant transaction at McDonald's,12.37,-12.37,SGD,Pending,2025-08,2025,No,Essentials
TXN00467,2025-09-01,Expense,Credit Card,Card,Transport,Bus,SimplyGo,Bus transaction at SimplyGo,1.53,-1.53,SGD,Completed,2025-09,2025,No,Essentials
TXN00249,2025-09-02,Expense,Everyday Spending,Cash,Food,Cafe,Don Don Donki,Cafe transaction at Don Don Donki,20.97,-20.97,SGD,Completed,2025-09,2025,No,Essentials
TXN00466,2025-09-02,Expense,Digital Wallet,Card,Transport,Bus,SimplyGo,Bus transaction at SimplyGo,1.69,-1.69,SGD,Completed,2025-09,2025,No,Essentials
TXN00479,2025-09-02,Expense,Digital Wallet,Card,Transport,Bus,SimplyGo,Bus transaction at SimplyGo,1.8,-1.8,SGD,Completed,2025-09,2025,No,Essentials
TXN00480,2025-09-02,Expense,Credit Card,PayNow,Transport,Bus,SimplyGo,Bus transaction at SimplyGo,1.12,-1.12,SGD,Completed,2025-09,2025,No,Essentials
TXN00037,2025-09-03,Expense,Main Savings,GIRO,Bills,Phone Bill,Singtel,Phone Bill transaction at Singtel,69.15,-69.15,SGD,Completed,2025-09,2025,Yes,Essentials
TXN00244,2025-09-04,Expense,Credit Card,PayNow,Food,Groceries,FairPrice,Groceries transaction at FairPrice,50.47,-50.47,SGD,Completed,2025-09,2025,No,Essentials
TXN00478,2025-09-04,Expense,Digital Wallet,Card,Transport,Bus,SimplyGo,Bus transaction at SimplyGo,1.74,-1.74,SGD,Completed,2025-09,2025,No,Essentials
TXN00611,2025-09-04,Expense,Digital Wallet,Bank Transfer,Entertainment,Movies,Golden Village,Movies transaction at Golden Village,30.39,-30.39,SGD,Completed,2025-09,2025,No,Lifestyle
TXN00658,2025-09-04,Income,Main Savings,PayNow,Side Income,Freelance,Freelance Client,Freelance transaction at Freelance Client,385.01,385.01,SGD,Completed,2025-09,2025,No,Income
TXN00067,2025-09-05,Expense,Credit Card,Card,Entertainment,Subscriptions,Netflix,Subscriptions transaction at Netflix,17.98,-17.98,SGD,Completed,2025-09,2025,Yes,Lifestyle
TXN00259,2025-09-07,Expense,Everyday Spending,Cash,Food,Hawker,Koufu,Hawker transaction at Koufu,5.84,-5.84,SGD,Completed,2025-09,2025,No,Essentials
TXN00471,2025-09-07,Expense,Credit Card,PayNow,Transport,Ride Hailing,Grab,Ride Hailing transaction at Grab,34.02,-34.02,SGD,Completed,2025-09,2025,No,Essentials
TXN00609,2025-09-07,Expense,Credit Card,Cash,Entertainment,Movies,Golden Village,Movies transaction at Golden Village,22.34,-22.34,SGD,Completed,2025-09,2025,No,Lifestyle
TXN00245,2025-09-09,Expense,Credit Card,Cash,Food,Groceries,FairPrice,Groceries transaction at FairPrice,52.53,-52.53,SGD,Completed,2025-09,2025,No,Essentials
TXN00254,2025-09-10,Expense,Credit Card,PayNow,Food,Groceries,FairPrice,Groceries transaction at FairPrice,63.07,-63.07,SGD,Completed,2025-09,2025,No,Essentials
TXN00472,2025-09-10,Expense,Digital Wallet,Card,Transport,Bus,SimplyGo,Bus transaction at SimplyGo,1.93,-1.93,SGD,Completed,2025-09,2025,No,Essentials
TXN00475,2025-09-10,Expense,Digital Wallet,Card,Transport,Bus,SimplyGo,Bus transaction at SimplyGo,1.05,-1.05,SGD,Completed,2025-09,2025,No,Essentials
TXN00470,2025-09-11,Expense,Credit Card,PayNow,Transport,Ride Hailing,Gojek,Ride Hailing transaction at Gojek,31.05,-31.05,SGD,Completed,2025-09,2025,No,Essentials
TXN00612,2025-09-11,Expense,Everyday Spending,PayNow,Health,Gym,Anytime Fitness,Gym transaction at Anytime Fitness,85.91,-85.91,SGD,Completed,2025-09,2025,Yes,Essentials
TXN00068,2025-09-12,Expense,Credit Card,Card,Entertainment,Subscriptions,Spotify,Subscriptions transaction at Spotify,10.98,-10.98,SGD,Completed,2025-09,2025,Yes,Lifestyle
TXN00252,2025-09-12,Expense,Credit Card,PayNow,Food,Groceries,FairPrice,Groceries transaction at FairPrice,46.54,-46.54,SGD,Completed,2025-09,2025,No,Essentials
TXN00039,2025-09-13,Expense,Main Savings,GIRO,Bills,Insurance,Income Insurance,Insurance transaction at Income Insurance,211.31,-211.31,SGD,Completed,2025-09,2025,Yes,Essentials
TXN00474,2025-09-13,Expense,Credit Card,PayNow,Transport,Taxi,ComfortDelGro,Taxi transaction at ComfortDelGro,41.87,-41.87,SGD,Completed,2025-09,2025,No,Essentials
TXN00614,2025-09-13,Expense,Credit Card,PayNow,Entertainment,Movies,Golden Village,Movies transaction at Golden Village,25.5,-25.5,SGD,Completed,2025-09,2025,No,Lifestyle
TXN00659,2025-09-13,Income,Main Savings,Bank Transfer,Side Income,Freelance,Freelance Client,Freelance transaction at Freelance Client,730.1,730.1,SGD,Completed,2025-09,2025,No,Income
TXN00038,2025-09-14,Expense,Main Savings,GIRO,Bills,Utilities,SP Services,Utilities transaction at SP Services,114.1,-114.1,SGD,Completed,2025-09,2025,Yes,Essentials
TXN00251,2025-09-14,Expense,Credit Card,Card,Food,Cafe,Don Don Donki,Cafe transaction at Don Don Donki,18.79,-18.79,SGD,Completed,2025-09,2025,No,Essentials
TXN00468,2025-09-14,Expense,Digital Wallet,PayNow,Transport,Ride Hailing,Gojek,Ride Hailing transaction at Gojek,21.04,-21.04,SGD,Completed,2025-09,2025,No,Essentials
TXN00255,2025-09-15,Expense,Credit Card,Cash,Food,Hawker,Koufu,Hawker transaction at Koufu,4.94,-4.94,SGD,Completed,2025-09,2025,No,Essentials
TXN00257,2025-09-15,Expense,Everyday Spending,PayNow,Food,Cafe,Don Don Donki,Cafe transaction at Don Don Donki,15.03,-15.03,SGD,Completed,2025-09,2025,No,Essentials
TXN00683,2025-09-15,Transfer,Main Savings,Bank Transfer,Transfer,Internal Transfer,Internal Account Transfer,Internal Transfer transaction at Internal Account Transfer,651.07,0,SGD,Completed,2025-09,2025,No,Transfer
TXN00613,2025-09-17,Expense,Credit Card,Cash,Education,Courses,Udemy,Courses transaction at Udemy,116.42,-116.42,SGD,Completed,2025-09,2025,No,Growth
TXN00069,2025-09-18,Expense,Credit Card,Card,Entertainment,Games,Steam,Games transaction at Steam,14.99,-14.99,SGD,Completed,2025-09,2025,Yes,Lifestyle
TXN00248,2025-09-19,Expense,Digital Wallet,Cash,Food,Cafe,Don Don Donki,Cafe transaction at Don Don Donki,24.16,-24.16,SGD,Completed,2025-09,2025,No,Essentials
TXN00243,2025-09-20,Expense,Digital Wallet,Cash,Food,Restaurant,McDonald's,Restaurant transaction at McDonald's,15.49,-15.49,SGD,Completed,2025-09,2025,No,Essentials
TXN00246,2025-09-20,Expense,Credit Card,PayNow,Food,Hawker,Koufu,Hawker transaction at Koufu,4.7,-4.7,SGD,Completed,2025-09,2025,No,Essentials
TXN00247,2025-09-20,Expense,Everyday Spending,Card,Food,Restaurant,McDonald's,Restaurant transaction at McDonald's,10.5,-10.5,SGD,Completed,2025-09,2025,No,Essentials
TXN00258,2025-09-20,Expense,Digital Wallet,Cash,Food,Restaurant,McDonald's,Restaurant transaction at McDonald's,15.56,-15.56,SGD,Completed,2025-09,2025,No,Essentials
TXN00615,2025-09-20,Expense,Digital Wallet,PayNow,Education,Courses,Udemy,Courses transaction at Udemy,33.12,-33.12,SGD,Completed,2025-09,2025,No,Growth
TXN00250,2025-09-21,Expense,Credit Card,Card,Food,Cafe,Don Don Donki,Cafe transaction at Don Don Donki,15.52,-15.52,SGD,Completed,2025-09,2025,No,Essentials
TXN00476,2025-09-21,Expense,Credit Card,Card,Transport,Ride Hailing,Grab,Ride Hailing transaction at Grab,17.9,-17.9,SGD,Completed,2025-09,2025,No,Essentials
TXN00608,2025-09-21,Expense,Credit Card,Card,Shopping,Household,Lazada,Household transaction at Lazada,123.46,-123.46,SGD,Completed,2025-09,2025,No,Lifestyle
TXN00700,2025-09-22,Expense,Digital Wallet,Card,Food,Restaurant,McDonald's,Restaurant transaction at McDonald's,19.78,-19.78,SGD,Pending,2025-09,2025,No,Essentials
TXN00260,2025-09-23,Expense,Everyday Spending,PayNow,Food,Groceries,FairPrice,Groceries transaction at FairPrice,51.51,-51.51,SGD,Completed,2025-09,2025,No,Essentials
TXN00469,2025-09-23,Expense,Everyday Spending,PayNow,Transport,MRT,SimplyGo,MRT transaction at SimplyGo,1.38,-1.38,SGD,Completed,2025-09,2025,No,Essentials
TXN00610,2025-09-23,Expense,Credit Card,Card,Shopping,Clothes,Uniqlo,Clothes transaction at Uniqlo,54.0,-54.0,SGD,Completed,2025-09,2025,No,Lifestyle
TXN00710,2025-09-24,Expense,Credit Card,PayNow,Shopping,Clothes,Uniqlo,Clothes transaction at Uniqlo,80.76,0,SGD,Refunded,2025-09,2025,No,Lifestyle
TXN00256,2025-09-25,Expense,Digital Wallet,Card,Food,Hawker,Koufu,Hawker transaction at Koufu,6.52,-6.52,SGD,Completed,2025-09,2025,No,Essentials
TXN00261,2025-09-26,Expense,Everyday Spending,Cash,Food,Cafe,Don Don Donki,Cafe transaction at Don Don Donki,12.07,-12.07,SGD,Completed,2025-09,2025,No,Essentials
TXN00473,2025-09-26,Expense,Credit Card,Card,Transport,Ride Hailing,Grab,Ride Hailing transaction at Grab,28.6,-28.6,SGD,Completed,2025-09,2025,No,Essentials
TXN00009,2025-09-27,Income,Main Savings,Bank Transfer,Salary,Monthly Salary,Company Payroll,Monthly Salary transaction at Company Payroll,3685.66,3685.66,SGD,Completed,2025-09,2025,Yes,Income
TXN00242,2025-09-27,Expense,Everyday Spending,Card,Food,Restaurant,McDonald's,Restaurant transaction at McDonald's,9.42,-9.42,SGD,Completed,2025-09,2025,No,Essentials
TXN00477,2025-09-27,Expense,Digital Wallet,PayNow,Transport,Bus,SimplyGo,Bus transaction at SimplyGo,1.65,-1.65,SGD,Completed,2025-09,2025,No,Essentials
TXN00253,2025-09-28,Expense,Credit Card,PayNow,Food,Hawker,Koufu,Hawker transaction at Koufu,5.3,-5.3,SGD,Completed,2025-09,2025,No,Essentials
TXN00708,2025-09-29,Expense,Digital Wallet,PayNow,Shopping,Clothes,Uniqlo,Clothes transaction at Uniqlo,157.72,0,SGD,Refunded,2025-09,2025,No,Lifestyle
TXN00277,2025-10-01,Expense,Credit Card,PayNow,Food,Groceries,FairPrice,Groceries transaction at FairPrice,66.96,-66.96,SGD,Completed,2025-10,2025,No,Essentials
TXN00481,2025-10-01,Expense,Everyday Spending,PayNow,Transport,Bus,SimplyGo,Bus transaction at SimplyGo,2.16,-2.16,SGD,Completed,2025-10,2025,No,Essentials
TXN00273,2025-10-02,Expense,Credit Card,PayNow,Food,Groceries,FairPrice,Groceries transaction at FairPrice,40.68,-40.68,SGD,Completed,2025-10,2025,No,Essentials
TXN00275,2025-10-02,Expense,Digital Wallet,Cash,Food,Groceries,FairPrice,Groceries transaction at FairPrice,28.21,-28.21,SGD,Completed,2025-10,2025,No,Essentials
TXN00485,2025-10-02,Expense,Credit Card,PayNow,Transport,Bus,SimplyGo,Bus transaction at SimplyGo,2.2,-2.2,SGD,Completed,2025-10,2025,No,Essentials
TXN00278,2025-10-03,Expense,Credit Card,Cash,Food,Cafe,Toast Box,Cafe transaction at Toast Box,8.29,-8.29,SGD,Completed,2025-10,2025,No,Essentials
TXN00492,2025-10-03,Expense,Everyday Spending,Card,Transport,Ride Hailing,Gojek,Ride Hailing transaction at Gojek,18.82,-18.82,SGD,Completed,2025-10,2025,No,Essentials
TXN00263,2025-10-04,Expense,Everyday Spending,Cash,Food,Groceries,FairPrice,Groceries transaction at FairPrice,62.1,-62.1,SGD,Completed,2025-10,2025,No,Essentials
TXN00685,2025-10-04,Transfer,Main Savings,Bank Transfer,Transfer,Internal Transfer,Internal Account Transfer,Internal Transfer transaction at Internal Account Transfer,111.4,0,SGD,Completed,2025-10,2025,No,Transfer
TXN00070,2025-10-05,Expense,Credit Card,Card,Entertainment,Subscriptions,Netflix,Subscriptions transaction at Netflix,17.98,-17.98,SGD,Completed,2025-10,2025,Yes,Lifestyle
TXN00660,2025-10-05,Income,Main Savings,Bank Transfer,Side Income,Online Sales,Carousell Buyer,Online Sales transaction at Carousell Buyer,35.73,35.73,SGD,Completed,2025-10,2025,No,Income
TXN00706,2025-10-05,Expense,Main Savings,Cash,Shopping,Clothes,Uniqlo,Clothes transaction at Uniqlo,71.77,0,SGD,Refunded,2025-10,2025,No,Lifestyle
TXN00620,2025-10-06,Expense,Everyday Spending,Bank Transfer,Education,Software,Notion,Software transaction at Notion,13.88,-13.88,SGD,Completed,2025-10,2025,Yes,Growth
TXN00040,2025-10-07,Expense,Main Savings,GIRO,Bills,Phone Bill,Singtel,Phone Bill transaction at Singtel,71.29,-71.29,SGD,Completed,2025-10,2025,Yes,Essentials
TXN00482,2025-10-07,Expense,Credit Card,PayNow,Transport,Ride Hailing,Gojek,Ride Hailing transaction at Gojek,26.63,-26.63,SGD,Completed,2025-10,2025,No,Essentials
TXN00489,2025-10-07,Expense,Credit Card,Card,Transport,Taxi,ComfortDelGro,Taxi transaction at ComfortDelGro,39.26,-39.26,SGD,Completed,2025-10,2025,No,Essentials
TXN00265,2025-10-08,Expense,Everyday Spending,Cash,Food,Groceries,FairPrice,Groceries transaction at FairPrice,49.69,-49.69,SGD,Completed,2025-10,2025,No,Essentials
TXN00268,2025-10-09,Expense,Credit Card,PayNow,Food,Cafe,Don Don Donki,Cafe transaction at Don Don Donki,21.95,-21.95,SGD,Completed,2025-10,2025,No,Essentials
TXN00487,2025-10-10,Expense,Everyday Spending,PayNow,Transport,MRT,SimplyGo,MRT transaction at SimplyGo,1.94,-1.94,SGD,Completed,2025-10,2025,No,Essentials
TXN00285,2025-10-11,Expense,Credit Card,Cash,Food,Hawker,Koufu,Hawker transaction at Koufu,8.48,-8.48,SGD,Completed,2025-10,2025,No,Essentials
TXN00494,2025-10-11,Expense,Digital Wallet,Card,Transport,Ride Hailing,Gojek,Ride Hailing transaction at Gojek,16.64,-16.64,SGD,Completed,2025-10,2025,No,Essentials
TXN00616,2025-10-11,Expense,Credit Card,Card,Shopping,Household,Lazada,Household transaction at Lazada,34.45,-34.45,SGD,Completed,2025-10,2025,No,Lifestyle
TXN00697,2025-10-11,Expense,Digital Wallet,Bank Transfer,Food,Restaurant,McDonald's,Restaurant transaction at McDonald's,17.64,-17.64,SGD,Pending,2025-10,2025,No,Essentials
TXN00702,2025-10-11,Expense,Credit Card,Bank Transfer,Food,Restaurant,McDonald's,Restaurant transaction at McDonald's,13.48,-13.48,SGD,Pending,2025-10,2025,No,Essentials
TXN00071,2025-10-12,Expense,Credit Card,Card,Entertainment,Subscriptions,Spotify,Subscriptions transaction at Spotify,10.98,-10.98,SGD,Completed,2025-10,2025,Yes,Lifestyle
TXN00617,2025-10-12,Expense,Digital Wallet,Cash,Shopping,Household,Lazada,Household transaction at Lazada,129.42,-129.42,SGD,Completed,2025-10,2025,No,Lifestyle
TXN00041,2025-10-13,Expense,Main Savings,GIRO,Bills,Utilities,SP Services,Utilities transaction at SP Services,109.14,-109.14,SGD,Completed,2025-10,2025,Yes,Essentials
TXN00274,2025-10-13,Expense,Digital Wallet,Card,Food,Groceries,FairPrice,Groceries transaction at FairPrice,84.25,-84.25,SGD,Completed,2025-10,2025,No,Essentials
TXN00280,2025-10-13,Expense,Digital Wallet,PayNow,Food,Cafe,Don Don Donki,Cafe transaction at Don Don Donki,24.22,-24.22,SGD,Completed,2025-10,2025,No,Essentials
TXN00283,2025-10-14,Expense,Digital Wallet,PayNow,Food,Hawker,Koufu,Hawker transaction at Koufu,9.39,-9.39,SGD,Completed,2025-10,2025,No,Essentials
TXN00286,2025-10-14,Expense,Digital Wallet,Cash,Food,Restaurant,McDonald's,Restaurant transaction at McDonald's,9.46,-9.46,SGD,Completed,2025-10,2025,No,Essentials
TXN00270,2025-10-15,Expense,Credit Card,Cash,Food,Cafe,Toast Box,Cafe transaction at Toast Box,8.77,-8.77,SGD,Completed,2025-10,2025,No,Essentials
TXN00284,2025-10-15,Expense,Credit Card,Card,Food,Hawker,Koufu,Hawker transaction at Koufu,5.33,-5.33,SGD,Completed,2025-10,2025,No,Essentials
TXN00493,2025-10-16,Expense,Everyday Spending,Card,Transport,Bus,SimplyGo,Bus transaction at SimplyGo,1.39,-1.39,SGD,Completed,2025-10,2025,No,Essentials
TXN00619,2025-10-16,Expense,Digital Wallet,Bank Transfer,Shopping,Household,Lazada,Household transaction at Lazada,119.86,-119.86,SGD,Completed,2025-10,2025,No,Lifestyle
TXN00622,2025-10-16,Expense,Credit Card,Cash,Shopping,Clothes,Uniqlo,Clothes transaction at Uniqlo,43.43,-43.43,SGD,Completed,2025-10,2025,No,Lifestyle
TXN00703,2025-10-16,Expense,Everyday Spending,PayNow,Shopping,Electronics,Shopee,Electronics transaction at Shopee,161.21,-161.21,SGD,Pending,2025-10,2025,No,Lifestyle
TXN00042,2025-10-17,Expense,Main Savings,GIRO,Bills,Insurance,Income Insurance,Insurance transaction at Income Insurance,159.56,-159.56,SGD,Completed,2025-10,2025,Yes,Essentials
TXN00264,2025-10-17,Expense,Credit Card,Cash,Food,Restaurant,McDonald's,Restaurant transaction at McDonald's,15.05,-15.05,SGD,Completed,2025-10,2025,No,Essentials
TXN00072,2025-10-18,Expense,Credit Card,Card,Entertainment,Games,Steam,Games transaction at Steam,14.99,-14.99,SGD,Completed,2025-10,2025,Yes,Lifestyle
TXN00262,2025-10-18,Expense,Everyday Spending,Card,Food,Hawker,Koufu,Hawker transaction at Koufu,6.54,-6.54,SGD,Completed,2025-10,2025,No,Essentials
TXN00266,2025-10-20,Expense,Everyday Spending,Card,Food,Cafe,Toast Box,Cafe transaction at Toast Box,8.56,-8.56,SGD,Completed,2025-10,2025,No,Essentials
TXN00618,2025-10-20,Expense,Credit Card,Cash,Education,Books,Popular,Books transaction at Popular,18.62,-18.62,SGD,Completed,2025-10,2025,No,Growth
TXN00699,2025-10-20,Expense,Main Savings,Bank Transfer,Food,Restaurant,McDonald's,Restaurant transaction at McDonald's,12.47,-12.47,SGD,Pending,2025-10,2025,No,Essentials
TXN00282,2025-10-21,Expense,Credit Card,Card,Food,Cafe,Toast Box,Cafe transaction at Toast Box,9.79,-9.79,SGD,Completed,2025-10,2025,No,Essentials
TXN00488,2025-10-21,Expense,Credit Card,Card,Transport,Ride Hailing,Grab,Ride Hailing transaction at Grab,24.5,-24.5,SGD,Completed,2025-10,2025,No,Essentials
TXN00287,2025-10-22,Expense,Everyday Spending,Card,Food,Cafe,Don Don Donki,Cafe transaction at Don Don Donki,21.47,-21.47,SGD,Completed,2025-10,2025,No,Essentials
TXN00684,2025-10-22,Transfer,Main Savings,Bank Transfer,Transfer,Internal Transfer,Internal Account Transfer,Internal Transfer transaction at Internal Account Transfer,767.52,0,SGD,Completed,2025-10,2025,No,Transfer
TXN00272,2025-10-23,Expense,Credit Card,Card,Food,Cafe,Toast Box,Cafe transaction at Toast Box,6.67,-6.67,SGD,Completed,2025-10,2025,No,Essentials
TXN00279,2025-10-23,Expense,Everyday Spending,Cash,Food,Cafe,Don Don Donki,Cafe transaction at Don Don Donki,14.76,-14.76,SGD,Completed,2025-10,2025,No,Essentials
TXN00490,2025-10-23,Expense,Digital Wallet,PayNow,Transport,Ride Hailing,Gojek,Ride Hailing transaction at Gojek,14.1,-14.1,SGD,Completed,2025-10,2025,No,Essentials
TXN00495,2025-10-23,Expense,Digital Wallet,Card,Transport,Ride Hailing,Grab,Ride Hailing transaction at Grab,17.43,-17.43,SGD,Completed,2025-10,2025,No,Essentials
TXN00486,2025-10-24,Expense,Credit Card,Card,Transport,Bus,SimplyGo,Bus transaction at SimplyGo,2.15,-2.15,SGD,Completed,2025-10,2025,No,Essentials
TXN00010,2025-10-25,Income,Main Savings,Bank Transfer,Salary,Monthly Salary,Company Payroll,Monthly Salary transaction at Company Payroll,3655.28,3655.28,SGD,Completed,2025-10,2025,Yes,Income
TXN00267,2025-10-25,Expense,Credit Card,Cash,Food,Restaurant,McDonald's,Restaurant transaction at McDonald's,15.9,-15.9,SGD,Completed,2025-10,2025,No,Essentials
TXN00271,2025-10-25,Expense,Credit Card,Cash,Food,Cafe,Don Don Donki,Cafe transaction at Don Don Donki,17.24,-17.24,SGD,Completed,2025-10,2025,No,Essentials
TXN00483,2025-10-25,Expense,Digital Wallet,Card,Transport,Ride Hailing,Grab,Ride Hailing transaction at Grab,14.06,-14.06,SGD,Completed,2025-10,2025,No,Essentials
TXN00491,2025-10-25,Expense,Digital Wallet,PayNow,Transport,Ride Hailing,Grab,Ride Hailing transaction at Grab,16.44,-16.44,SGD,Completed,2025-10,2025,No,Essentials
TXN00269,2025-10-27,Expense,Digital Wallet,Cash,Food,Restaurant,McDonald's,Restaurant transaction at McDonald's,13.87,-13.87,SGD,Completed,2025-10,2025,No,Essentials
TXN00621,2025-10-27,Expense,Everyday Spending,PayNow,Health,Gym,Anytime Fitness,Gym transaction at Anytime Fitness,93.53,-93.53,SGD,Completed,2025-10,2025,Yes,Essentials
TXN00276,2025-10-28,Expense,Everyday Spending,PayNow,Food,Hawker,Koufu,Hawker transaction at Koufu,8.73,-8.73,SGD,Completed,2025-10,2025,No,Essentials
TXN00281,2025-10-28,Expense,Digital Wallet,Card,Food,Groceries,FairPrice,Groceries transaction at FairPrice,55.17,-55.17,SGD,Completed,2025-10,2025,No,Essentials
TXN00484,2025-10-28,Expense,Everyday Spending,PayNow,Transport,Taxi,ComfortDelGro,Taxi transaction at ComfortDelGro,43.1,-43.1,SGD,Completed,2025-10,2025,No,Essentials
TXN00704,2025-10-30,Expense,Everyday Spending,GIRO,Entertainment,Movies,Golden Village,Movies transaction at Golden Village,34.35,0,SGD,Refunded,2025-10,2025,No,Lifestyle
TXN00712,2025-10-31,Expense,Digital Wallet,Bank Transfer,Shopping,Clothes,Uniqlo,Clothes transaction at Uniqlo,101.66,0,SGD,Refunded,2025-10,2025,No,Lifestyle
TXN00686,2025-11-01,Transfer,Everyday Spending,Bank Transfer,Transfer,Internal Transfer,Internal Account Transfer,Internal Transfer transaction at Internal Account Transfer,247.45,0,SGD,Completed,2025-11,2025,No,Transfer
TXN00306,2025-11-03,Expense,Everyday Spending,PayNow,Food,Groceries,FairPrice,Groceries transaction at FairPrice,29.15,-29.15,SGD,Completed,2025-11,2025,No,Essentials
TXN00624,2025-11-03,Expense,Everyday Spending,PayNow,Shopping,Household,Lazada,Household transaction at Lazada,108.29,-108.29,SGD,Completed,2025-11,2025,No,Lifestyle
TXN00294,2025-11-04,Expense,Digital Wallet,Cash,Food,Groceries,FairPrice,Groceries transaction at FairPrice,35.42,-35.42,SGD,Completed,2025-11,2025,No,Essentials
TXN00627,2025-11-04,Expense,Digital Wallet,PayNow,Entertainment,Movies,Golden Village,Movies transaction at Golden Village,18.16,-18.16,SGD,Completed,2025-11,2025,No,Lifestyle
TXN00073,2025-11-05,Expense,Credit Card,Card,Entertainment,Subscriptions,Netflix,Subscriptions transaction at Netflix,17.98,-17.98,SGD,Completed,2025-11,2025,Yes,Lifestyle
TXN00303,2025-11-06,Expense,Digital Wallet,Cash,Food,Groceries,FairPrice,Groceries transaction at FairPrice,33.05,-33.05,SGD,Completed,2025-11,2025,No,Essentials
TXN00688,2025-11-06,Transfer,Everyday Spending,Bank Transfer,Transfer,Internal Transfer,Internal Account Transfer,Internal Transfer transaction at Internal Account Transfer,434.68,0,SGD,Completed,2025-11,2025,No,Transfer
TXN00500,2025-11-07,Expense,Everyday Spending,Card,Transport,Taxi,ComfortDelGro,Taxi transaction at ComfortDelGro,32.18,-32.18,SGD,Completed,2025-11,2025,No,Essentials
TXN00629,2025-11-07,Expense,Everyday Spending,Bank Transfer,Education,Software,Notion,Software transaction at Notion,19.88,-19.88,SGD,Completed,2025-11,2025,Yes,Growth
TXN00632,2025-11-07,Expense,Digital Wallet,PayNow,Health,Pharmacy,Guardian,Pharmacy transaction at Guardian,63.07,-63.07,SGD,Completed,2025-11,2025,No,Essentials
TXN00043,2025-11-08,Expense,Main Savings,GIRO,Bills,Phone Bill,Singtel,Phone Bill transaction at Singtel,58.77,-58.77,SGD,Completed,2025-11,2025,Yes,Essentials
TXN00497,2025-11-08,Expense,Credit Card,Card,Transport,Bus,SimplyGo,Bus transaction at SimplyGo,2.15,-2.15,SGD,Completed,2025-11,2025,No,Essentials
TXN00296,2025-11-09,Expense,Digital Wallet,PayNow,Food,Groceries,FairPrice,Groceries transaction at FairPrice,20.53,-20.53,SGD,Completed,2025-11,2025,No,Essentials
TXN00299,2025-11-09,Expense,Digital Wallet,PayNow,Food,Cafe,Don Don Donki,Cafe transaction at Don Don Donki,19.52,-19.52,SGD,Completed,2025-11,2025,No,Essentials
TXN00625,2025-11-09,Expense,Credit Card,Bank Transfer,Shopping,Clothes,Uniqlo,Clothes transaction at Uniqlo,55.35,-55.35,SGD,Completed,2025-11,2025,No,Lifestyle
TXN00295,2025-11-10,Expense,Credit Card,Card,Food,Cafe,Don Don Donki,Cafe transaction at Don Don Donki,24.88,-24.88,SGD,Completed,2025-11,2025,No,Essentials
TXN00301,2025-11-10,Expense,Everyday Spending,PayNow,Food,Hawker,Koufu,Hawker transaction at Koufu,8.44,-8.44,SGD,Completed,2025-11,2025,No,Essentials
TXN00507,2025-11-10,Expense,Everyday Spending,PayNow,Transport,MRT,SimplyGo,MRT transaction at SimplyGo,1.73,-1.73,SGD,Completed,2025-11,2025,No,Essentials
TXN00044,2025-11-12,Expense,Main Savings,GIRO,Bills,Utilities,SP Services,Utilities transaction at SP Services,102.57,-102.57,SGD,Completed,2025-11,2025,Yes,Essentials
TXN00074,2025-11-12,Expense,Credit Card,Card,Entertainment,Subscriptions,Spotify,Subscriptions transaction at Spotify,10.98,-10.98,SGD,Completed,2025-11,2025,Yes,Lifestyle
TXN00508,2025-11-13,Expense,Credit Card,PayNow,Transport,Ride Hailing,Grab,Ride Hailing transaction at Grab,22.32,-22.32,SGD,Completed,2025-11,2025,No,Essentials
TXN00667,2025-11-13,Income,Main Savings,Bank Transfer,Investment,Dividend,Bank Interest,Dividend transaction at Bank Interest,48.33,48.33,SGD,Completed,2025-11,2025,No,Income
TXN00623,2025-11-14,Expense,Credit Card,Cash,Education,Courses,Udemy,Courses transaction at Udemy,89.56,-89.56,SGD,Completed,2025-11,2025,No,Growth
TXN00290,2025-11-15,Expense,Everyday Spending,Cash,Food,Restaurant,McDonald's,Restaurant transaction at McDonald's,10.55,-10.55,SGD,Completed,2025-11,2025,No,Essentials
TXN00293,2025-11-15,Expense,Everyday Spending,Cash,Food,Restaurant,McDonald's,Restaurant transaction at McDonald's,16.45,-16.45,SGD,Completed,2025-11,2025,No,Essentials
TXN00501,2025-11-15,Expense,Everyday Spending,PayNow,Transport,Ride Hailing,Grab,Ride Hailing transaction at Grab,14.67,-14.67,SGD,Completed,2025-11,2025,No,Essentials
TXN00661,2025-11-15,Income,Main Savings,Bank Transfer,Side Income,Freelance,Freelance Client,Freelance transaction at Freelance Client,413.39,413.39,SGD,Completed,2025-11,2025,No,Income
TXN00304,2025-11-17,Expense,Everyday Spending,Cash,Food,Cafe,Don Don Donki,Cafe transaction at Don Don Donki,23.53,-23.53,SGD,Completed,2025-11,2025,No,Essentials
TXN00502,2025-11-17,Expense,Everyday Spending,PayNow,Transport,MRT,SimplyGo,MRT transaction at SimplyGo,1.78,-1.78,SGD,Completed,2025-11,2025,No,Essentials
TXN00503,2025-11-17,Expense,Digital Wallet,Card,Transport,Bus,SimplyGo,Bus transaction at SimplyGo,1.5,-1.5,SGD,Completed,2025-11,2025,No,Essentials
TXN00687,2025-11-17,Transfer,Everyday Spending,Bank Transfer,Transfer,Internal Transfer,Internal Account Transfer,Internal Transfer transaction at Internal Account Transfer,565.5,0,SGD,Completed,2025-11,2025,No,Transfer
TXN00045,2025-11-18,Expense,Main Savings,GIRO,Bills,Insurance,Income Insurance,Insurance transaction at Income Insurance,173.9,-173.9,SGD,Completed,2025-11,2025,Yes,Essentials
TXN00075,2025-11-18,Expense,Credit Card,Card,Entertainment,Games,Steam,Games transaction at Steam,14.99,-14.99,SGD,Completed,2025-11,2025,Yes,Lifestyle
TXN00506,2025-11-18,Expense,Everyday Spending,PayNow,Transport,MRT,SimplyGo,MRT transaction at SimplyGo,2.49,-2.49,SGD,Completed,2025-11,2025,No,Essentials
TXN00289,2025-11-19,Expense,Credit Card,PayNow,Food,Groceries,FairPrice,Groceries transaction at FairPrice,29.3,-29.3,SGD,Completed,2025-11,2025,No,Essentials
TXN00292,2025-11-19,Expense,Credit Card,PayNow,Food,Restaurant,McDonald's,Restaurant transaction at McDonald's,10.99,-10.99,SGD,Completed,2025-11,2025,No,Essentials
TXN00626,2025-11-19,Expense,Credit Card,Card,Education,Courses,Udemy,Courses transaction at Udemy,92.96,-92.96,SGD,Completed,2025-11,2025,No,Growth
TXN00297,2025-11-20,Expense,Credit Card,Card,Food,Hawker,Koufu,Hawker transaction at Koufu,8.23,-8.23,SGD,Completed,2025-11,2025,No,Essentials
TXN00498,2025-11-20,Expense,Digital Wallet,PayNow,Transport,Ride Hailing,Gojek,Ride Hailing transaction at Gojek,18.22,-18.22,SGD,Completed,2025-11,2025,No,Essentials
TXN00300,2025-11-21,Expense,Digital Wallet,PayNow,Food,Cafe,Toast Box,Cafe transaction at Toast Box,5.68,-5.68,SGD,Completed,2025-11,2025,No,Essentials
TXN00633,2025-11-21,Expense,Digital Wallet,Bank Transfer,Entertainment,Movies,Golden Village,Movies transaction at Golden Village,21.85,-21.85,SGD,Completed,2025-11,2025,No,Lifestyle
TXN00291,2025-11-22,Expense,Everyday Spending,Cash,Food,Restaurant,McDonald's,Restaurant transaction at McDonald's,13.47,-13.47,SGD,Completed,2025-11,2025,No,Essentials
TXN00509,2025-11-22,Expense,Digital Wallet,Card,Transport,MRT,SimplyGo,MRT transaction at SimplyGo,2.45,-2.45,SGD,Completed,2025-11,2025,No,Essentials
TXN00496,2025-11-23,Expense,Digital Wallet,Card,Transport,Taxi,ComfortDelGro,Taxi transaction at ComfortDelGro,38.1,-38.1,SGD,Completed,2025-11,2025,No,Essentials
TXN00302,2025-11-24,Expense,Credit Card,Cash,Food,Restaurant,McDonald's,Restaurant transaction at McDonald's,9.31,-9.31,SGD,Completed,2025-11,2025,No,Essentials
TXN00505,2025-11-24,Expense,Everyday Spending,Card,Transport,Ride Hailing,Grab,Ride Hailing transaction at Grab,17.01,-17.01,SGD,Completed,2025-11,2025,No,Essentials
TXN00011,2025-11-26,Income,Main Savings,Bank Transfer,Salary,Monthly Salary,Company Payroll,Monthly Salary transaction at Company Payroll,3618.88,3618.88,SGD,Completed,2025-11,2025,Yes,Income
TXN00298,2025-11-26,Expense,Digital Wallet,Card,Food,Cafe,Don Don Donki,Cafe transaction at Don Don Donki,13.99,-13.99,SGD,Completed,2025-11,2025,No,Essentials
TXN00305,2025-11-26,Expense,Credit Card,Card,Food,Groceries,FairPrice,Groceries transaction at FairPrice,39.18,-39.18,SGD,Completed,2025-11,2025,No,Essentials
TXN00504,2025-11-26,Expense,Everyday Spending,PayNow,Transport,Taxi,ComfortDelGro,Taxi transaction at ComfortDelGro,24.25,-24.25,SGD,Completed,2025-11,2025,No,Essentials
TXN00499,2025-11-27,Expense,Everyday Spending,Card,Transport,Taxi,ComfortDelGro,Taxi transaction at ComfortDelGro,21.55,-21.55,SGD,Completed,2025-11,2025,No,Essentials
TXN00628,2025-11-27,Expense,Digital Wallet,Cash,Education,Software,Notion,Software transaction at Notion,17.08,-17.08,SGD,Completed,2025-11,2025,Yes,Growth
TXN00634,2025-11-27,Expense,Everyday Spending,PayNow,Health,Pharmacy,Guardian,Pharmacy transaction at Guardian,25.04,-25.04,SGD,Completed,2025-11,2025,No,Essentials
TXN00288,2025-11-28,Expense,Digital Wallet,Card,Food,Cafe,Don Don Donki,Cafe transaction at Don Don Donki,14.5,-14.5,SGD,Completed,2025-11,2025,No,Essentials
TXN00630,2025-11-28,Expense,Credit Card,PayNow,Health,Clinic,Raffles Medical,Clinic transaction at Raffles Medical,149.92,-149.92,SGD,Completed,2025-11,2025,No,Essentials
TXN00631,2025-11-28,Expense,Credit Card,Card,Health,Gym,Anytime Fitness,Gym transaction at Anytime Fitness,104.5,-104.5,SGD,Completed,2025-11,2025,Yes,Essentials
TXN00308,2025-12-01,Expense,Everyday Spending,Cash,Food,Groceries,FairPrice,Groceries transaction at FairPrice,37.19,-37.19,SGD,Completed,2025-12,2025,No,Essentials
TXN00329,2025-12-01,Expense,Everyday Spending,Card,Food,Restaurant,McDonald's,Restaurant transaction at McDonald's,9.74,-9.74,SGD,Completed,2025-12,2025,No,Essentials
TXN00323,2025-12-02,Expense,Everyday Spending,Card,Food,Hawker,Koufu,Hawker transaction at Koufu,8.43,-8.43,SGD,Completed,2025-12,2025,No,Essentials
TXN00513,2025-12-02,Expense,Credit Card,Card,Transport,MRT,SimplyGo,MRT transaction at SimplyGo,2.25,-2.25,SGD,Completed,2025-12,2025,No,Essentials
TXN00648,2025-12-02,Expense,Credit Card,Card,Shopping,Clothes,Uniqlo,Clothes transaction at Uniqlo,38.44,-38.44,SGD,Completed,2025-12,2025,No,Lifestyle
TXN00707,2025-12-03,Expense,Credit Card,Card,Shopping,Clothes,Uniqlo,Clothes transaction at Uniqlo,75.8,0,SGD,Refunded,2025-12,2025,No,Lifestyle
TXN00689,2025-12-04,Transfer,Main Savings,Bank Transfer,Transfer,Internal Transfer,Internal Account Transfer,Internal Transfer transaction at Internal Account Transfer,794.29,0,SGD,Completed,2025-12,2025,No,Transfer
TXN00076,2025-12-05,Expense,Credit Card,Card,Entertainment,Subscriptions,Netflix,Subscriptions transaction at Netflix,17.98,-17.98,SGD,Completed,2025-12,2025,Yes,Lifestyle
TXN00327,2025-12-05,Expense,Everyday Spending,Card,Food,Cafe,Toast Box,Cafe transaction at Toast Box,8.78,-8.78,SGD,Completed,2025-12,2025,No,Essentials
TXN00328,2025-12-05,Expense,Everyday Spending,PayNow,Food,Hawker,Koufu,Hawker transaction at Koufu,4.57,-4.57,SGD,Completed,2025-12,2025,No,Essentials
TXN00516,2025-12-05,Expense,Credit Card,Card,Transport,MRT,SimplyGo,MRT transaction at SimplyGo,1.86,-1.86,SGD,Completed,2025-12,2025,No,Essentials
TXN00640,2025-12-05,Expense,Credit Card,Cash,Education,Courses,Udemy,Courses transaction at Udemy,75.63,-75.63,SGD,Completed,2025-12,2025,No,Growth
TXN00324,2025-12-07,Expense,Digital Wallet,Card,Food,Cafe,Don Don Donki,Cafe transaction at Don Don Donki,9.17,-9.17,SGD,Completed,2025-12,2025,No,Essentials
TXN00325,2025-12-07,Expense,Everyday Spending,Cash,Food,Cafe,Don Don Donki,Cafe transaction at Don Don Donki,21.82,-21.82,SGD,Completed,2025-12,2025,No,Essentials
TXN00514,2025-12-07,Expense,Digital Wallet,Card,Transport,Bus,SimplyGo,Bus transaction at SimplyGo,1.08,-1.08,SGD,Completed,2025-12,2025,No,Essentials
TXN00046,2025-12-08,Expense,Main Savings,GIRO,Bills,Phone Bill,Singtel,Phone Bill transaction at Singtel,62.54,-62.54,SGD,Completed,2025-12,2025,Yes,Essentials
TXN00312,2025-12-08,Expense,Digital Wallet,Cash,Food,Cafe,Don Don Donki,Cafe transaction at Don Don Donki,19.01,-19.01,SGD,Completed,2025-12,2025,No,Essentials
TXN00318,2025-12-09,Expense,Credit Card,Card,Food,Groceries,FairPrice,Groceries transaction at FairPrice,22.13,-22.13,SGD,Completed,2025-12,2025,No,Essentials
TXN00646,2025-12-09,Expense,Credit Card,PayNow,Education,Courses,Udemy,Courses transaction at Udemy,48.9,-48.9,SGD,Completed,2025-12,2025,No,Growth
TXN00314,2025-12-10,Expense,Everyday Spending,Card,Food,Hawker,Koufu,Hawker transaction at Koufu,9.48,-9.48,SGD,Completed,2025-12,2025,No,Essentials
TXN00333,2025-12-10,Expense,Everyday Spending,Card,Food,Cafe,Don Don Donki,Cafe transaction at Don Don Donki,15.79,-15.79,SGD,Completed,2025-12,2025,No,Essentials
TXN00643,2025-12-11,Expense,Digital Wallet,Card,Education,Courses,Udemy,Courses transaction at Udemy,76.11,-76.11,SGD,Completed,2025-12,2025,No,Growth
TXN00690,2025-12-11,Transfer,Everyday Spending,Bank Transfer,Transfer,Internal Transfer,Internal Account Transfer,Internal Transfer transaction at Internal Account Transfer,826.4,0,SGD,Completed,2025-12,2025,No,Transfer
TXN00048,2025-12-12,Expense,Main Savings,GIRO,Bills,Insurance,Income Insurance,Insurance transaction at Income Insurance,170.95,-170.95,SGD,Completed,2025-12,2025,Yes,Essentials
TXN00077,2025-12-12,Expense,Credit Card,Card,Entertainment,Subscriptions,Spotify,Subscriptions transaction at Spotify,10.98,-10.98,SGD,Completed,2025-12,2025,Yes,Lifestyle
TXN00519,2025-12-12,Expense,Digital Wallet,PayNow,Transport,Taxi,ComfortDelGro,Taxi transaction at ComfortDelGro,43.25,-43.25,SGD,Completed,2025-12,2025,No,Essentials
TXN00694,2025-12-12,Expense,Everyday Spending,GIRO,Transport,Ride Hailing,Grab,Ride Hailing transaction at Grab,28.62,-28.62,SGD,Pending,2025-12,2025,No,Essentials
TXN00321,2025-12-13,Expense,Everyday Spending,Cash,Food,Hawker,Koufu,Hawker transaction at Koufu,5.88,-5.88,SGD,Completed,2025-12,2025,No,Essentials
TXN00645,2025-12-13,Expense,Credit Card,Bank Transfer,Education,Software,Notion,Software transaction at Notion,10.61,-10.61,SGD,Completed,2025-12,2025,Yes,Growth
TXN00047,2025-12-14,Expense,Main Savings,GIRO,Bills,Utilities,SP Services,Utilities transaction at SP Services,122.58,-122.58,SGD,Completed,2025-12,2025,Yes,Essentials
TXN00316,2025-12-14,Expense,Digital Wallet,Card,Food,Cafe,Don Don Donki,Cafe transaction at Don Don Donki,17.98,-17.98,SGD,Completed,2025-12,2025,No,Essentials
TXN00662,2025-12-14,Income,Main Savings,PayNow,Side Income,Freelance,Freelance Client,Freelance transaction at Freelance Client,612.06,612.06,SGD,Completed,2025-12,2025,No,Income
TXN00319,2025-12-15,Expense,Credit Card,Card,Food,Groceries,FairPrice,Groceries transaction at FairPrice,81.79,-81.79,SGD,Completed,2025-12,2025,No,Essentials
TXN00512,2025-12-15,Expense,Credit Card,Card,Transport,Bus,SimplyGo,Bus transaction at SimplyGo,1.42,-1.42,SGD,Completed,2025-12,2025,No,Essentials
TXN00641,2025-12-15,Expense,Everyday Spending,Cash,Education,Books,Popular,Books transaction at Popular,15.62,-15.62,SGD,Completed,2025-12,2025,No,Growth
TXN00311,2025-12-16,Expense,Digital Wallet,Cash,Food,Cafe,Toast Box,Cafe transaction at Toast Box,5.18,-5.18,SGD,Completed,2025-12,2025,No,Essentials
TXN00330,2025-12-17,Expense,Everyday Spending,Cash,Food,Groceries,FairPrice,Groceries transaction at FairPrice,27.39,-27.39,SGD,Completed,2025-12,2025,No,Essentials
TXN00332,2025-12-17,Expense,Digital Wallet,Card,Food,Groceries,FairPrice,Groceries transaction at FairPrice,34.4,-34.4,SGD,Completed,2025-12,2025,No,Essentials
TXN00668,2025-12-17,Income,Main Savings,Bank Transfer,Investment,Capital Gain,Brokerage Platform,Capital Gain transaction at Brokerage Platform,312.17,312.17,SGD,Completed,2025-12,2025,No,Income
TXN00691,2025-12-17,Transfer,Main Savings,Bank Transfer,Transfer,Internal Transfer,Internal Account Transfer,Internal Transfer transaction at Internal Account Transfer,157.48,0,SGD,Completed,2025-12,2025,No,Transfer
TXN00078,2025-12-18,Expense,Credit Card,Card,Entertainment,Games,Steam,Games transaction at Steam,14.99,-14.99,SGD,Completed,2025-12,2025,Yes,Lifestyle
TXN00315,2025-12-18,Expense,Credit Card,Cash,Food,Cafe,Toast Box,Cafe transaction at Toast Box,5.95,-5.95,SGD,Completed,2025-12,2025,No,Essentials
TXN00320,2025-12-18,Expense,Digital Wallet,Cash,Food,Restaurant,McDonald's,Restaurant transaction at McDonald's,17.02,-17.02,SGD,Completed,2025-12,2025,No,Essentials
TXN00511,2025-12-18,Expense,Credit Card,Card,Transport,Ride Hailing,Gojek,Ride Hailing transaction at Gojek,19.33,-19.33,SGD,Completed,2025-12,2025,No,Essentials
TXN00636,2025-12-19,Expense,Digital Wallet,Card,Health,Clinic,Raffles Medical,Clinic transaction at Raffles Medical,69.41,-69.41,SGD,Completed,2025-12,2025,No,Essentials
TXN00647,2025-12-19,Expense,Credit Card,PayNow,Education,Software,Notion,Software transaction at Notion,9.57,-9.57,SGD,Completed,2025-12,2025,Yes,Growth
TXN00635,2025-12-20,Expense,Credit Card,PayNow,Health,Clinic,Raffles Medical,Clinic transaction at Raffles Medical,99.26,-99.26,SGD,Completed,2025-12,2025,No,Essentials
TXN00313,2025-12-21,Expense,Everyday Spending,Card,Food,Restaurant,McDonald's,Restaurant transaction at McDonald's,12.08,-12.08,SGD,Completed,2025-12,2025,No,Essentials
TXN00317,2025-12-21,Expense,Credit Card,PayNow,Food,Groceries,FairPrice,Groceries transaction at FairPrice,26.44,-26.44,SGD,Completed,2025-12,2025,No,Essentials
TXN00644,2025-12-21,Expense,Credit Card,Card,Education,Courses,Udemy,Courses transaction at Udemy,84.74,-84.74,SGD,Completed,2025-12,2025,No,Growth
TXN00309,2025-12-22,Expense,Credit Card,PayNow,Food,Restaurant,McDonald's,Restaurant transaction at McDonald's,15.49,-15.49,SGD,Completed,2025-12,2025,No,Essentials
TXN00322,2025-12-22,Expense,Digital Wallet,PayNow,Food,Hawker,Koufu,Hawker transaction at Koufu,5.56,-5.56,SGD,Completed,2025-12,2025,No,Essentials
TXN00515,2025-12-23,Expense,Everyday Spending,Card,Transport,Ride Hailing,Gojek,Ride Hailing transaction at Gojek,29.19,-29.19,SGD,Completed,2025-12,2025,No,Essentials
TXN00638,2025-12-23,Expense,Everyday Spending,Bank Transfer,Shopping,Household,Lazada,Household transaction at Lazada,157.9,-157.9,SGD,Completed,2025-12,2025,No,Lifestyle
TXN00518,2025-12-24,Expense,Digital Wallet,PayNow,Transport,Taxi,ComfortDelGro,Taxi transaction at ComfortDelGro,42.35,-42.35,SGD,Completed,2025-12,2025,No,Essentials
TXN00642,2025-12-24,Expense,Credit Card,Cash,Education,Software,Notion,Software transaction at Notion,11.34,-11.34,SGD,Completed,2025-12,2025,Yes,Growth
TXN00331,2025-12-25,Expense,Digital Wallet,Card,Food,Groceries,FairPrice,Groceries transaction at FairPrice,43.53,-43.53,SGD,Completed,2025-12,2025,No,Essentials
TXN00637,2025-12-25,Expense,Everyday Spending,PayNow,Shopping,Household,Lazada,Household transaction at Lazada,144.64,-144.64,SGD,Completed,2025-12,2025,No,Lifestyle
TXN00326,2025-12-26,Expense,Everyday Spending,Cash,Food,Cafe,Toast Box,Cafe transaction at Toast Box,11.3,-11.3,SGD,Completed,2025-12,2025,No,Essentials
TXN00012,2025-12-27,Income,Main Savings,Bank Transfer,Salary,Monthly Salary,Company Payroll,Monthly Salary transaction at Company Payroll,3366.72,3366.72,SGD,Completed,2025-12,2025,Yes,Income
TXN00310,2025-12-27,Expense,Credit Card,Card,Food,Groceries,FairPrice,Groceries transaction at FairPrice,61.51,-61.51,SGD,Completed,2025-12,2025,No,Essentials
TXN00510,2025-12-27,Expense,Everyday Spending,PayNow,Transport,Bus,SimplyGo,Bus transaction at SimplyGo,1.0,-1.0,SGD,Completed,2025-12,2025,No,Essentials
TXN00517,2025-12-27,Expense,Credit Card,Card,Transport,Taxi,ComfortDelGro,Taxi transaction at ComfortDelGro,24.62,-24.62,SGD,Completed,2025-12,2025,No,Essentials
TXN00639,2025-12-27,Expense,Digital Wallet,Cash,Health,Gym,Anytime Fitness,Gym transaction at Anytime Fitness,87.43,-87.43,SGD,Completed,2025-12,2025,Yes,Essentials
TXN00307,2025-12-28,Expense,Credit Card,Card,Food,Groceries,FairPrice,Groceries transaction at FairPrice,72.3,-72.3,SGD,Completed,2025-12,2025,No,Essentials
TXN00334,2025-12-28,Expense,Digital Wallet,Card,Food,Groceries,FairPrice,Groceries transaction at FairPrice,46.11,-46.11,SGD,Completed,2025-12,2025,No,Essentials
